sura,ayah,position,word,lemma,root2,root3,text_ayah,text_with_diacritics,text_clean
2,54,14,ٱقْتُلُ,ف,قتل,قتل,وَإِذْ قَالَ مُوسَىٰ لِقَوْمِهِۦ يَٰقَوْمِ إِنَّكُمْ ظَلَمْتُمْ أَنفُسَكُم بِٱتِّخَاذِكُمُ ٱلْعِجْلَ فَتُوبُوٓا۟ إِلَىٰ بَارِئِكُمْ فَٱقْتُلُوٓا۟ أَنفُسَكُمْ ذَٰلِكُمْ خَيْرٌۭ لَّكُمْ عِندَ بَارِئِكُمْ فَتَابَ عَلَيْكُمْ ۚ إِنَّهُۥ هُوَ ٱلتَّوَّابُ ٱلرَّحِيمُ,وَإِذْ قَالَ مُوسَىٰ لِقَوْمِهِۦ يَٰقَوْمِ إِنَّكُمْ ظَلَمْتُمْ أَنفُسَكُم بِٱتِّخَاذِكُمُ ٱلْعِجْلَ فَتُوبُوٓا۟ إِلَىٰ بَارِئِكُمْ فَٱقْتُلُوٓا۟ أَنفُسَكُمْ ذَٰلِكُمْ خَيْرٌۭ لَّكُمْ عِندَ بَارِئِكُمْ فَتَابَ عَلَيْكُمْ ۚ إِنَّهُۥ هُوَ ٱلتَّوَّابُ ٱلرَّحِيمُ,وإذ قال موسى لقومه يقوم إنكم ظلمتم أنفسكم بتخاذكم لعجل فتوبوا إلى بارئكم فقتلوا أنفسكم ذلكم خير لكم عند بارئكم فتاب عليكم إنه هو لتواب لرحيم
2,61,51,يَقْتُلُ,و,قتل,قتل,وَإِذْ قُلْتُمْ يَٰمُوسَىٰ لَن نَّصْبِرَ عَلَىٰ طَعَامٍۢ وَٰحِدٍۢ فَٱدْعُ لَنَا رَبَّكَ يُخْرِجْ لَنَا مِمَّا تُنۢبِتُ ٱلْأَرْضُ مِنۢ بَقْلِهَا وَقِثَّآئِهَا وَفُومِهَا وَعَدَسِهَا وَبَصَلِهَا ۖ قَالَ أَتَسْتَبْدِلُونَ ٱلَّذِى هُوَ أَدْنَىٰ بِٱلَّذِى هُوَ خَيْرٌ ۚ ٱهْبِطُوا۟ مِصْرًۭا فَإِنَّ لَكُم مَّا سَأَلْتُمْ ۗ وَضُرِبَتْ عَلَيْهِمُ ٱلذِّلَّةُ وَٱلْمَسْكَنَةُ وَبَآءُو بِغَضَبٍۢ مِّنَ ٱللَّهِ ۗ ذَٰلِكَ بِأَنَّهُمْ كَانُوا۟ يَكْفُرُونَ بِـَٔايَٰتِ ٱللَّهِ وَيَقْتُلُونَ ٱلنَّبِيِّۦنَ بِغَيْرِ ٱلْحَقِّ ۗ ذَٰلِكَ بِمَا عَصَوا۟ وَّكَانُوا۟ يَعْتَدُونَ,وَإِذْ قُلْتُمْ يَٰمُوسَىٰ لَن نَّصْبِرَ عَلَىٰ طَعَامٍۢ وَٰحِدٍۢ فَٱدْعُ لَنَا رَبَّكَ يُخْرِجْ لَنَا مِمَّا تُنۢبِتُ ٱلْأَرْضُ مِنۢ بَقْلِهَا وَقِثَّآئِهَا وَفُومِهَا وَعَدَسِهَا وَبَصَلِهَا ۖ قَالَ أَتَسْتَبْدِلُونَ ٱلَّذِى هُوَ أَدْنَىٰ بِٱلَّذِى هُوَ خَيْرٌ ۚ ٱهْبِطُوا۟ مِصْرًۭا فَإِنَّ لَكُم مَّا سَأَلْتُمْ ۗ وَضُرِبَتْ عَلَيْهِمُ ٱلذِّلَّةُ وَٱلْمَسْكَنَةُ وَبَآءُو بِغَضَبٍۢ مِّنَ ٱللَّهِ ۗ ذَٰلِكَ بِأَنَّهُمْ كَانُوا۟ يَكْفُرُونَ بِـَٔايَٰتِ ٱللَّهِ وَيَقْتُلُونَ ٱلنَّبِيِّۦنَ بِغَيْرِ ٱلْحَقِّ ۗ ذَٰلِكَ بِمَا عَصَوا۟ وَّكَانُوا۟ يَعْتَدُونَ,وإذ قلتم يموسى لن نصبر على طعام وحد فدع لنا ربك يخرج لنا مما تنبت لأرض من بقلها وقثائها وفومها وعدسها وبصلها قال أتستبدلون لذى هو أدنى بلذى هو خير هبطوا مصرا فإن لكم ما سألتم وضربت عليهم لذلة ولمسكنة وباءو بغضب من لله ذلك بأنهم كانوا يكفرون بـايت لله ويقتلون لنبين بغير لحق ذلك بما عصوا وكانوا يعتدون
2,72,2,قَتَلْ,قَتَلَ,قتل,قتل,وَإِذْ قَتَلْتُمْ نَفْسًۭا فَٱدَّٰرَْٰٔتُمْ فِيهَا ۖ وَٱللَّهُ مُخْرِجٌۭ مَّا كُنتُمْ تَكْتُمُونَ,وَإِذْ قَتَلْتُمْ نَفْسًۭا فَٱدَّٰرَْٰٔتُمْ فِيهَا ۖ وَٱللَّهُ مُخْرِجٌۭ مَّا كُنتُمْ تَكْتُمُونَ,وإذ قتلتم نفسا فدرتم فيها ولله مخرج ما كنتم تكتمون
2,85,4,تَقْتُلُ,قَتَلَ,قتل,قتل,ثُمَّ أَنتُمْ هَٰٓؤُلَآءِ تَقْتُلُونَ أَنفُسَكُمْ وَتُخْرِجُونَ فَرِيقًۭا مِّنكُم مِّن دِيَٰرِهِمْ تَظَٰهَرُونَ عَلَيْهِم بِٱلْإِثْمِ وَٱلْعُدْوَٰنِ وَإِن يَأْتُوكُمْ أُسَٰرَىٰ تُفَٰدُوهُمْ وَهُوَ مُحَرَّمٌ عَلَيْكُمْ إِخْرَاجُهُمْ ۚ أَفَتُؤْمِنُونَ بِبَعْضِ ٱلْكِتَٰبِ وَتَكْفُرُونَ بِبَعْضٍۢ ۚ فَمَا جَزَآءُ مَن يَفْعَلُ ذَٰلِكَ مِنكُمْ إِلَّا خِزْىٌۭ فِى ٱلْحَيَوٰةِ ٱلدُّنْيَا ۖ وَيَوْمَ ٱلْقِيَٰمَةِ يُرَدُّونَ إِلَىٰٓ أَشَدِّ ٱلْعَذَابِ ۗ وَمَا ٱللَّهُ بِغَٰفِلٍ عَمَّا تَعْمَلُونَ,ثُمَّ أَنتُمْ هَٰٓؤُلَآءِ تَقْتُلُونَ أَنفُسَكُمْ وَتُخْرِجُونَ فَرِيقًۭا مِّنكُم مِّن دِيَٰرِهِمْ تَظَٰهَرُونَ عَلَيْهِم بِٱلْإِثْمِ وَٱلْعُدْوَٰنِ وَإِن يَأْتُوكُمْ أُسَٰرَىٰ تُفَٰدُوهُمْ وَهُوَ مُحَرَّمٌ عَلَيْكُمْ إِخْرَاجُهُمْ ۚ أَفَتُؤْمِنُونَ بِبَعْضِ ٱلْكِتَٰبِ وَتَكْفُرُونَ بِبَعْضٍۢ ۚ فَمَا جَزَآءُ مَن يَفْعَلُ ذَٰلِكَ مِنكُمْ إِلَّا خِزْىٌۭ فِى ٱلْحَيَوٰةِ ٱلدُّنْيَا ۖ وَيَوْمَ ٱلْقِيَٰمَةِ يُرَدُّونَ إِلَىٰٓ أَشَدِّ ٱلْعَذَابِ ۗ وَمَا ٱللَّهُ بِغَٰفِلٍ عَمَّا تَعْمَلُونَ,ثم أنتم هؤلاء تقتلون أنفسكم وتخرجون فريقا منكم من ديرهم تظهرون عليهم بلإثم ولعدون وإن يأتوكم أسرى تفدوهم وهو محرم عليكم إخراجهم أفتؤمنون ببعض لكتب وتكفرون ببعض فما جزاء من يفعل ذلك منكم إلا خزى فى لحيوة لدنيا ويوم لقيمة يردون إلى أشد لعذاب وما لله بغفل عما تعملون
2,87,28,تَقْتُلُ,قَتَلَ,قتل,قتل,وَلَقَدْ ءَاتَيْنَا مُوسَى ٱلْكِتَٰبَ وَقَفَّيْنَا مِنۢ بَعْدِهِۦ بِٱلرُّسُلِ ۖ وَءَاتَيْنَا عِيسَى ٱبْنَ مَرْيَمَ ٱلْبَيِّنَٰتِ وَأَيَّدْنَٰهُ بِرُوحِ ٱلْقُدُسِ ۗ أَفَكُلَّمَا جَآءَكُمْ رَسُولٌۢ بِمَا لَا تَهْوَىٰٓ أَنفُسُكُمُ ٱسْتَكْبَرْتُمْ فَفَرِيقًۭا كَذَّبْتُمْ وَفَرِيقًۭا تَقْتُلُونَ,وَلَقَدْ ءَاتَيْنَا مُوسَى ٱلْكِتَٰبَ وَقَفَّيْنَا مِنۢ بَعْدِهِۦ بِٱلرُّسُلِ ۖ وَءَاتَيْنَا عِيسَى ٱبْنَ مَرْيَمَ ٱلْبَيِّنَٰتِ وَأَيَّدْنَٰهُ بِرُوحِ ٱلْقُدُسِ ۗ أَفَكُلَّمَا جَآءَكُمْ رَسُولٌۢ بِمَا لَا تَهْوَىٰٓ أَنفُسُكُمُ ٱسْتَكْبَرْتُمْ فَفَرِيقًۭا كَذَّبْتُمْ وَفَرِيقًۭا تَقْتُلُونَ,ولقد ءاتينا موسى لكتب وقفينا من بعده بلرسل وءاتينا عيسى بن مريم لبينت وأيدنه بروح لقدس أفكلما جاءكم رسول بما لا تهوى أنفسكم ستكبرتم ففريقا كذبتم وفريقا تقتلون
2,91,23,تَقْتُلُ,قَتَلَ,قتل,قتل,وَإِذَا قِيلَ لَهُمْ ءَامِنُوا۟ بِمَآ أَنزَلَ ٱللَّهُ قَالُوا۟ نُؤْمِنُ بِمَآ أُنزِلَ عَلَيْنَا وَيَكْفُرُونَ بِمَا وَرَآءَهُۥ وَهُوَ ٱلْحَقُّ مُصَدِّقًۭا لِّمَا مَعَهُمْ ۗ قُلْ فَلِمَ تَقْتُلُونَ أَنۢبِيَآءَ ٱللَّهِ مِن قَبْلُ إِن كُنتُم مُّؤْمِنِينَ,وَإِذَا قِيلَ لَهُمْ ءَامِنُوا۟ بِمَآ أَنزَلَ ٱللَّهُ قَالُوا۟ نُؤْمِنُ بِمَآ أُنزِلَ عَلَيْنَا وَيَكْفُرُونَ بِمَا وَرَآءَهُۥ وَهُوَ ٱلْحَقُّ مُصَدِّقًۭا لِّمَا مَعَهُمْ ۗ قُلْ فَلِمَ تَقْتُلُونَ أَنۢبِيَآءَ ٱللَّهِ مِن قَبْلُ إِن كُنتُم مُّؤْمِنِينَ,وإذا قيل لهم ءامنوا بما أنزل لله قالوا نؤمن بما أنزل علينا ويكفرون بما وراءه وهو لحق مصدقا لما معهم قل فلم تقتلون أنبياء لله من قبل إن كنتم مؤمنين
2,154,4,يُقْتَلُ,قَتَلَ,قتل,قتل,وَلَا تَقُولُوا۟ لِمَن يُقْتَلُ فِى سَبِيلِ ٱللَّهِ أَمْوَٰتٌۢ ۚ بَلْ أَحْيَآءٌۭ وَلَٰكِن لَّا تَشْعُرُونَ,وَلَا تَقُولُوا۟ لِمَن يُقْتَلُ فِى سَبِيلِ ٱللَّهِ أَمْوَٰتٌۢ ۚ بَلْ أَحْيَآءٌۭ وَلَٰكِن لَّا تَشْعُرُونَ,ولا تقولوا لمن يقتل فى سبيل لله أموت بل أحياء ولكن لا تشعرون
2,190,1,قَٰتِلُ,و,قتل,قتل,وَقَٰتِلُوا۟ فِى سَبِيلِ ٱللَّهِ ٱلَّذِينَ يُقَٰتِلُونَكُمْ وَلَا تَعْتَدُوٓا۟ ۚ إِنَّ ٱللَّهَ لَا يُحِبُّ ٱلْمُعْتَدِينَ,وَقَٰتِلُوا۟ فِى سَبِيلِ ٱللَّهِ ٱلَّذِينَ يُقَٰتِلُونَكُمْ وَلَا تَعْتَدُوٓا۟ ۚ إِنَّ ٱللَّهَ لَا يُحِبُّ ٱلْمُعْتَدِينَ,وقتلوا فى سبيل لله لذين يقتلونكم ولا تعتدوا إن لله لا يحب لمعتدين
2,191,1,ٱقْتُلُ,و,قتل,قتل,وَٱقْتُلُوهُمْ حَيْثُ ثَقِفْتُمُوهُمْ وَأَخْرِجُوهُم مِّنْ حَيْثُ أَخْرَجُوكُمْ ۚ وَٱلْفِتْنَةُ أَشَدُّ مِنَ ٱلْقَتْلِ ۚ وَلَا تُقَٰتِلُوهُمْ عِندَ ٱلْمَسْجِدِ ٱلْحَرَامِ حَتَّىٰ يُقَٰتِلُوكُمْ فِيهِ ۖ فَإِن قَٰتَلُوكُمْ فَٱقْتُلُوهُمْ ۗ كَذَٰلِكَ جَزَآءُ ٱلْكَٰفِرِينَ,وَٱقْتُلُوهُمْ حَيْثُ ثَقِفْتُمُوهُمْ وَأَخْرِجُوهُم مِّنْ حَيْثُ أَخْرَجُوكُمْ ۚ وَٱلْفِتْنَةُ أَشَدُّ مِنَ ٱلْقَتْلِ ۚ وَلَا تُقَٰتِلُوهُمْ عِندَ ٱلْمَسْجِدِ ٱلْحَرَامِ حَتَّىٰ يُقَٰتِلُوكُمْ فِيهِ ۖ فَإِن قَٰتَلُوكُمْ فَٱقْتُلُوهُمْ ۗ كَذَٰلِكَ جَزَآءُ ٱلْكَٰفِرِينَ,وقتلوهم حيث ثقفتموهم وأخرجوهم من حيث أخرجوكم ولفتنة أشد من لقتل ولا تقتلوهم عند لمسجد لحرام حتى يقتلوكم فيه فإن قتلوكم فقتلوهم كذلك جزاء لكفرين
2,193,1,قَٰتِلُ,و,قتل,قتل,وَقَٰتِلُوهُمْ حَتَّىٰ لَا تَكُونَ فِتْنَةٌۭ وَيَكُونَ ٱلدِّينُ لِلَّهِ ۖ فَإِنِ ٱنتَهَوْا۟ فَلَا عُدْوَٰنَ إِلَّا عَلَى ٱلظَّٰلِمِينَ,وَقَٰتِلُوهُمْ حَتَّىٰ لَا تَكُونَ فِتْنَةٌۭ وَيَكُونَ ٱلدِّينُ لِلَّهِ ۖ فَإِنِ ٱنتَهَوْا۟ فَلَا عُدْوَٰنَ إِلَّا عَلَى ٱلظَّٰلِمِينَ,وقتلوهم حتى لا تكون فتنة ويكون لدين لله فإن نتهوا فلا عدون إلا على لظلمين
2,217,28,قَتْلِ,ال,قتل,قتل,يَسْـَٔلُونَكَ عَنِ ٱلشَّهْرِ ٱلْحَرَامِ قِتَالٍۢ فِيهِ ۖ قُلْ قِتَالٌۭ فِيهِ كَبِيرٌۭ ۖ وَصَدٌّ عَن سَبِيلِ ٱللَّهِ وَكُفْرٌۢ بِهِۦ وَٱلْمَسْجِدِ ٱلْحَرَامِ وَإِخْرَاجُ أَهْلِهِۦ مِنْهُ أَكْبَرُ عِندَ ٱللَّهِ ۚ وَٱلْفِتْنَةُ أَكْبَرُ مِنَ ٱلْقَتْلِ ۗ وَلَا يَزَالُونَ يُقَٰتِلُونَكُمْ حَتَّىٰ يَرُدُّوكُمْ عَن دِينِكُمْ إِنِ ٱسْتَطَٰعُوا۟ ۚ وَمَن يَرْتَدِدْ مِنكُمْ عَن دِينِهِۦ فَيَمُتْ وَهُوَ كَافِرٌۭ فَأُو۟لَٰٓئِكَ حَبِطَتْ أَعْمَٰلُهُمْ فِى ٱلدُّنْيَا وَٱلْءَاخِرَةِ ۖ وَأُو۟لَٰٓئِكَ أَصْحَٰبُ ٱلنَّارِ ۖ هُمْ فِيهَا خَٰلِدُونَ,يَسْـَٔلُونَكَ عَنِ ٱلشَّهْرِ ٱلْحَرَامِ قِتَالٍۢ فِيهِ ۖ قُلْ قِتَالٌۭ فِيهِ كَبِيرٌۭ ۖ وَصَدٌّ عَن سَبِيلِ ٱللَّهِ وَكُفْرٌۢ بِهِۦ وَٱلْمَسْجِدِ ٱلْحَرَامِ وَإِخْرَاجُ أَهْلِهِۦ مِنْهُ أَكْبَرُ عِندَ ٱللَّهِ ۚ وَٱلْفِتْنَةُ أَكْبَرُ مِنَ ٱلْقَتْلِ ۗ وَلَا يَزَالُونَ يُقَٰتِلُونَكُمْ حَتَّىٰ يَرُدُّوكُمْ عَن دِينِكُمْ إِنِ ٱسْتَطَٰعُوا۟ ۚ وَمَن يَرْتَدِدْ مِنكُمْ عَن دِينِهِۦ فَيَمُتْ وَهُوَ كَافِرٌۭ فَأُو۟لَٰٓئِكَ حَبِطَتْ أَعْمَٰلُهُمْ فِى ٱلدُّنْيَا وَٱلْءَاخِرَةِ ۖ وَأُو۟لَٰٓئِكَ أَصْحَٰبُ ٱلنَّارِ ۖ هُمْ فِيهَا خَٰلِدُونَ,يسـلونك عن لشهر لحرام قتال فيه قل قتال فيه كبير وصد عن سبيل لله وكفر به ولمسجد لحرام وإخراج أهله منه أكبر عند لله ولفتنة أكبر من لقتل ولا يزالون يقتلونكم حتى يردوكم عن دينكم إن ستطعوا ومن يرتدد منكم عن دينه فيمت وهو كافر فأولئك حبطت أعملهم فى لدنيا ولءاخرة وأولئك أصحب لنار هم فيها خلدون
2,244,1,قَٰتِلُ,و,قتل,قتل,وَقَٰتِلُوا۟ فِى سَبِيلِ ٱللَّهِ وَٱعْلَمُوٓا۟ أَنَّ ٱللَّهَ سَمِيعٌ عَلِيمٌۭ,وَقَٰتِلُوا۟ فِى سَبِيلِ ٱللَّهِ وَٱعْلَمُوٓا۟ أَنَّ ٱللَّهَ سَمِيعٌ عَلِيمٌۭ,وقتلوا فى سبيل لله وعلموا أن لله سميع عليم
2,246,18,نُّقَٰتِلْ,قاتَلَ,قتل,قتل,أَلَمْ تَرَ إِلَى ٱلْمَلَإِ مِنۢ بَنِىٓ إِسْرَٰٓءِيلَ مِنۢ بَعْدِ مُوسَىٰٓ إِذْ قَالُوا۟ لِنَبِىٍّۢ لَّهُمُ ٱبْعَثْ لَنَا مَلِكًۭا نُّقَٰتِلْ فِى سَبِيلِ ٱللَّهِ ۖ قَالَ هَلْ عَسَيْتُمْ إِن كُتِبَ عَلَيْكُمُ ٱلْقِتَالُ أَلَّا تُقَٰتِلُوا۟ ۖ قَالُوا۟ وَمَا لَنَآ أَلَّا نُقَٰتِلَ فِى سَبِيلِ ٱللَّهِ وَقَدْ أُخْرِجْنَا مِن دِيَٰرِنَا وَأَبْنَآئِنَا ۖ فَلَمَّا كُتِبَ عَلَيْهِمُ ٱلْقِتَالُ تَوَلَّوْا۟ إِلَّا قَلِيلًۭا مِّنْهُمْ ۗ وَٱللَّهُ عَلِيمٌۢ بِٱلظَّٰلِمِينَ,أَلَمْ تَرَ إِلَى ٱلْمَلَإِ مِنۢ بَنِىٓ إِسْرَٰٓءِيلَ مِنۢ بَعْدِ مُوسَىٰٓ إِذْ قَالُوا۟ لِنَبِىٍّۢ لَّهُمُ ٱبْعَثْ لَنَا مَلِكًۭا نُّقَٰتِلْ فِى سَبِيلِ ٱللَّهِ ۖ قَالَ هَلْ عَسَيْتُمْ إِن كُتِبَ عَلَيْكُمُ ٱلْقِتَالُ أَلَّا تُقَٰتِلُوا۟ ۖ قَالُوا۟ وَمَا لَنَآ أَلَّا نُقَٰتِلَ فِى سَبِيلِ ٱللَّهِ وَقَدْ أُخْرِجْنَا مِن دِيَٰرِنَا وَأَبْنَآئِنَا ۖ فَلَمَّا كُتِبَ عَلَيْهِمُ ٱلْقِتَالُ تَوَلَّوْا۟ إِلَّا قَلِيلًۭا مِّنْهُمْ ۗ وَٱللَّهُ عَلِيمٌۢ بِٱلظَّٰلِمِينَ,ألم تر إلى لملإ من بنى إسرءيل من بعد موسى إذ قالوا لنبى لهم بعث لنا ملكا نقتل فى سبيل لله قال هل عسيتم إن كتب عليكم لقتال ألا تقتلوا قالوا وما لنا ألا نقتل فى سبيل لله وقد أخرجنا من ديرنا وأبنائنا فلما كتب عليهم لقتال تولوا إلا قليلا منهم ولله عليم بلظلمين
2,251,4,قَتَلَ,و,قتل,قتل,فَهَزَمُوهُم بِإِذْنِ ٱللَّهِ وَقَتَلَ دَاوُۥدُ جَالُوتَ وَءَاتَىٰهُ ٱللَّهُ ٱلْمُلْكَ وَٱلْحِكْمَةَ وَعَلَّمَهُۥ مِمَّا يَشَآءُ ۗ وَلَوْلَا دَفْعُ ٱللَّهِ ٱلنَّاسَ بَعْضَهُم بِبَعْضٍۢ لَّفَسَدَتِ ٱلْأَرْضُ وَلَٰكِنَّ ٱللَّهَ ذُو فَضْلٍ عَلَى ٱلْعَٰلَمِينَ,فَهَزَمُوهُم بِإِذْنِ ٱللَّهِ وَقَتَلَ دَاوُۥدُ جَالُوتَ وَءَاتَىٰهُ ٱللَّهُ ٱلْمُلْكَ وَٱلْحِكْمَةَ وَعَلَّمَهُۥ مِمَّا يَشَآءُ ۗ وَلَوْلَا دَفْعُ ٱللَّهِ ٱلنَّاسَ بَعْضَهُم بِبَعْضٍۢ لَّفَسَدَتِ ٱلْأَرْضُ وَلَٰكِنَّ ٱللَّهَ ذُو فَضْلٍ عَلَى ٱلْعَٰلَمِينَ,فهزموهم بإذن لله وقتل داود جالوت وءاتىه لله لملك ولحكمة وعلمه مما يشاء ولولا دفع لله لناس بعضهم ببعض لفسدت لأرض ولكن لله ذو فضل على لعلمين
2,253,26,ٱقْتَتَلَ,اقْتَتَلَ,قتل,قتل,۞ تِلْكَ ٱلرُّسُلُ فَضَّلْنَا بَعْضَهُمْ عَلَىٰ بَعْضٍۢ ۘ مِّنْهُم مَّن كَلَّمَ ٱللَّهُ ۖ وَرَفَعَ بَعْضَهُمْ دَرَجَٰتٍۢ ۚ وَءَاتَيْنَا عِيسَى ٱبْنَ مَرْيَمَ ٱلْبَيِّنَٰتِ وَأَيَّدْنَٰهُ بِرُوحِ ٱلْقُدُسِ ۗ وَلَوْ شَآءَ ٱللَّهُ مَا ٱقْتَتَلَ ٱلَّذِينَ مِنۢ بَعْدِهِم مِّنۢ بَعْدِ مَا جَآءَتْهُمُ ٱلْبَيِّنَٰتُ وَلَٰكِنِ ٱخْتَلَفُوا۟ فَمِنْهُم مَّنْ ءَامَنَ وَمِنْهُم مَّن كَفَرَ ۚ وَلَوْ شَآءَ ٱللَّهُ مَا ٱقْتَتَلُوا۟ وَلَٰكِنَّ ٱللَّهَ يَفْعَلُ مَا يُرِيدُ,۞ تِلْكَ ٱلرُّسُلُ فَضَّلْنَا بَعْضَهُمْ عَلَىٰ بَعْضٍۢ ۘ مِّنْهُم مَّن كَلَّمَ ٱللَّهُ ۖ وَرَفَعَ بَعْضَهُمْ دَرَجَٰتٍۢ ۚ وَءَاتَيْنَا عِيسَى ٱبْنَ مَرْيَمَ ٱلْبَيِّنَٰتِ وَأَيَّدْنَٰهُ بِرُوحِ ٱلْقُدُسِ ۗ وَلَوْ شَآءَ ٱللَّهُ مَا ٱقْتَتَلَ ٱلَّذِينَ مِنۢ بَعْدِهِم مِّنۢ بَعْدِ مَا جَآءَتْهُمُ ٱلْبَيِّنَٰتُ وَلَٰكِنِ ٱخْتَلَفُوا۟ فَمِنْهُم مَّنْ ءَامَنَ وَمِنْهُم مَّن كَفَرَ ۚ وَلَوْ شَآءَ ٱللَّهُ مَا ٱقْتَتَلُوا۟ وَلَٰكِنَّ ٱللَّهَ يَفْعَلُ مَا يُرِيدُ,تلك لرسل فضلنا بعضهم على بعض منهم من كلم لله ورفع بعضهم درجت وءاتينا عيسى بن مريم لبينت وأيدنه بروح لقدس ولو شاء لله ما قتتل لذين من بعدهم من بعد ما جاءتهم لبينت ولكن ختلفوا فمنهم من ءامن ومنهم من كفر ولو شاء لله ما قتتلوا ولكن لله يفعل ما يريد
3,13,9,تُقَٰتِلُ,قاتَلَ,قتل,قتل,قَدْ كَانَ لَكُمْ ءَايَةٌۭ فِى فِئَتَيْنِ ٱلْتَقَتَا ۖ فِئَةٌۭ تُقَٰتِلُ فِى سَبِيلِ ٱللَّهِ وَأُخْرَىٰ كَافِرَةٌۭ يَرَوْنَهُم مِّثْلَيْهِمْ رَأْىَ ٱلْعَيْنِ ۚ وَٱللَّهُ يُؤَيِّدُ بِنَصْرِهِۦ مَن يَشَآءُ ۗ إِنَّ فِى ذَٰلِكَ لَعِبْرَةًۭ لِّأُو۟لِى ٱلْأَبْصَٰرِ,قَدْ كَانَ لَكُمْ ءَايَةٌۭ فِى فِئَتَيْنِ ٱلْتَقَتَا ۖ فِئَةٌۭ تُقَٰتِلُ فِى سَبِيلِ ٱللَّهِ وَأُخْرَىٰ كَافِرَةٌۭ يَرَوْنَهُم مِّثْلَيْهِمْ رَأْىَ ٱلْعَيْنِ ۚ وَٱللَّهُ يُؤَيِّدُ بِنَصْرِهِۦ مَن يَشَآءُ ۗ إِنَّ فِى ذَٰلِكَ لَعِبْرَةًۭ لِّأُو۟لِى ٱلْأَبْصَٰرِ,قد كان لكم ءاية فى فئتين لتقتا فئة تقتل فى سبيل لله وأخرى كافرة يرونهم مثليهم رأى لعين ولله يؤيد بنصره من يشاء إن فى ذلك لعبرة لأولى لأبصر
3,21,6,يَقْتُلُ,و,قتل,قتل,إِنَّ ٱلَّذِينَ يَكْفُرُونَ بِـَٔايَٰتِ ٱللَّهِ وَيَقْتُلُونَ ٱلنَّبِيِّۦنَ بِغَيْرِ حَقٍّۢ وَيَقْتُلُونَ ٱلَّذِينَ يَأْمُرُونَ بِٱلْقِسْطِ مِنَ ٱلنَّاسِ فَبَشِّرْهُم بِعَذَابٍ أَلِيمٍ,إِنَّ ٱلَّذِينَ يَكْفُرُونَ بِـَٔايَٰتِ ٱللَّهِ وَيَقْتُلُونَ ٱلنَّبِيِّۦنَ بِغَيْرِ حَقٍّۢ وَيَقْتُلُونَ ٱلَّذِينَ يَأْمُرُونَ بِٱلْقِسْطِ مِنَ ٱلنَّاسِ فَبَشِّرْهُم بِعَذَابٍ أَلِيمٍ,إن لذين يكفرون بـايت لله ويقتلون لنبين بغير حق ويقتلون لذين يأمرون بلقسط من لناس فبشرهم بعذاب أليم
3,111,6,يُقَٰتِلُ,قاتَلَ,قتل,قتل,لَن يَضُرُّوكُمْ إِلَّآ أَذًۭى ۖ وَإِن يُقَٰتِلُوكُمْ يُوَلُّوكُمُ ٱلْأَدْبَارَ ثُمَّ لَا يُنصَرُونَ,لَن يَضُرُّوكُمْ إِلَّآ أَذًۭى ۖ وَإِن يُقَٰتِلُوكُمْ يُوَلُّوكُمُ ٱلْأَدْبَارَ ثُمَّ لَا يُنصَرُونَ,لن يضروكم إلا أذى وإن يقتلوكم يولوكم لأدبار ثم لا ينصرون
3,112,27,يَقْتُلُ,و,قتل,قتل,ضُرِبَتْ عَلَيْهِمُ ٱلذِّلَّةُ أَيْنَ مَا ثُقِفُوٓا۟ إِلَّا بِحَبْلٍۢ مِّنَ ٱللَّهِ وَحَبْلٍۢ مِّنَ ٱلنَّاسِ وَبَآءُو بِغَضَبٍۢ مِّنَ ٱللَّهِ وَضُرِبَتْ عَلَيْهِمُ ٱلْمَسْكَنَةُ ۚ ذَٰلِكَ بِأَنَّهُمْ كَانُوا۟ يَكْفُرُونَ بِـَٔايَٰتِ ٱللَّهِ وَيَقْتُلُونَ ٱلْأَنۢبِيَآءَ بِغَيْرِ حَقٍّۢ ۚ ذَٰلِكَ بِمَا عَصَوا۟ وَّكَانُوا۟ يَعْتَدُونَ,ضُرِبَتْ عَلَيْهِمُ ٱلذِّلَّةُ أَيْنَ مَا ثُقِفُوٓا۟ إِلَّا بِحَبْلٍۢ مِّنَ ٱللَّهِ وَحَبْلٍۢ مِّنَ ٱلنَّاسِ وَبَآءُو بِغَضَبٍۢ مِّنَ ٱللَّهِ وَضُرِبَتْ عَلَيْهِمُ ٱلْمَسْكَنَةُ ۚ ذَٰلِكَ بِأَنَّهُمْ كَانُوا۟ يَكْفُرُونَ بِـَٔايَٰتِ ٱللَّهِ وَيَقْتُلُونَ ٱلْأَنۢبِيَآءَ بِغَيْرِ حَقٍّۢ ۚ ذَٰلِكَ بِمَا عَصَوا۟ وَّكَانُوا۟ يَعْتَدُونَ,ضربت عليهم لذلة أين ما ثقفوا إلا بحبل من لله وحبل من لناس وباءو بغضب من لله وضربت عليهم لمسكنة ذلك بأنهم كانوا يكفرون بـايت لله ويقتلون لأنبياء بغير حق ذلك بما عصوا وكانوا يعتدون
3,144,13,قُتِلَ,قَتَلَ,قتل,قتل,وَمَا مُحَمَّدٌ إِلَّا رَسُولٌۭ قَدْ خَلَتْ مِن قَبْلِهِ ٱلرُّسُلُ ۚ أَفَإِي۟ن مَّاتَ أَوْ قُتِلَ ٱنقَلَبْتُمْ عَلَىٰٓ أَعْقَٰبِكُمْ ۚ وَمَن يَنقَلِبْ عَلَىٰ عَقِبَيْهِ فَلَن يَضُرَّ ٱللَّهَ شَيْـًۭٔا ۗ وَسَيَجْزِى ٱللَّهُ ٱلشَّٰكِرِينَ,وَمَا مُحَمَّدٌ إِلَّا رَسُولٌۭ قَدْ خَلَتْ مِن قَبْلِهِ ٱلرُّسُلُ ۚ أَفَإِي۟ن مَّاتَ أَوْ قُتِلَ ٱنقَلَبْتُمْ عَلَىٰٓ أَعْقَٰبِكُمْ ۚ وَمَن يَنقَلِبْ عَلَىٰ عَقِبَيْهِ فَلَن يَضُرَّ ٱللَّهَ شَيْـًۭٔا ۗ وَسَيَجْزِى ٱللَّهُ ٱلشَّٰكِرِينَ,وما محمد إلا رسول قد خلت من قبله لرسل أفإين مات أو قتل نقلبتم على أعقبكم ومن ينقلب على عقبيه فلن يضر لله شيـا وسيجزى لله لشكرين
3,146,4,قَٰتَلَ,قاتَلَ,قتل,قتل,وَكَأَيِّن مِّن نَّبِىٍّۢ قَٰتَلَ مَعَهُۥ رِبِّيُّونَ كَثِيرٌۭ فَمَا وَهَنُوا۟ لِمَآ أَصَابَهُمْ فِى سَبِيلِ ٱللَّهِ وَمَا ضَعُفُوا۟ وَمَا ٱسْتَكَانُوا۟ ۗ وَٱللَّهُ يُحِبُّ ٱلصَّٰبِرِينَ,وَكَأَيِّن مِّن نَّبِىٍّۢ قَٰتَلَ مَعَهُۥ رِبِّيُّونَ كَثِيرٌۭ فَمَا وَهَنُوا۟ لِمَآ أَصَابَهُمْ فِى سَبِيلِ ٱللَّهِ وَمَا ضَعُفُوا۟ وَمَا ٱسْتَكَانُوا۟ ۗ وَٱللَّهُ يُحِبُّ ٱلصَّٰبِرِينَ,وكأين من نبى قتل معه ربيون كثير فما وهنوا لما أصابهم فى سبيل لله وما ضعفوا وما ستكانوا ولله يحب لصبرين
3,154,49,قُتِلْ,قَتَلَ,قتل,قتل,ثُمَّ أَنزَلَ عَلَيْكُم مِّنۢ بَعْدِ ٱلْغَمِّ أَمَنَةًۭ نُّعَاسًۭا يَغْشَىٰ طَآئِفَةًۭ مِّنكُمْ ۖ وَطَآئِفَةٌۭ قَدْ أَهَمَّتْهُمْ أَنفُسُهُمْ يَظُنُّونَ بِٱللَّهِ غَيْرَ ٱلْحَقِّ ظَنَّ ٱلْجَٰهِلِيَّةِ ۖ يَقُولُونَ هَل لَّنَا مِنَ ٱلْأَمْرِ مِن شَىْءٍۢ ۗ قُلْ إِنَّ ٱلْأَمْرَ كُلَّهُۥ لِلَّهِ ۗ يُخْفُونَ فِىٓ أَنفُسِهِم مَّا لَا يُبْدُونَ لَكَ ۖ يَقُولُونَ لَوْ كَانَ لَنَا مِنَ ٱلْأَمْرِ شَىْءٌۭ مَّا قُتِلْنَا هَٰهُنَا ۗ قُل لَّوْ كُنتُمْ فِى بُيُوتِكُمْ لَبَرَزَ ٱلَّذِينَ كُتِبَ عَلَيْهِمُ ٱلْقَتْلُ إِلَىٰ مَضَاجِعِهِمْ ۖ وَلِيَبْتَلِىَ ٱللَّهُ مَا فِى صُدُورِكُمْ وَلِيُمَحِّصَ مَا فِى قُلُوبِكُمْ ۗ وَٱللَّهُ عَلِيمٌۢ بِذَاتِ ٱلصُّدُورِ,ثُمَّ أَنزَلَ عَلَيْكُم مِّنۢ بَعْدِ ٱلْغَمِّ أَمَنَةًۭ نُّعَاسًۭا يَغْشَىٰ طَآئِفَةًۭ مِّنكُمْ ۖ وَطَآئِفَةٌۭ قَدْ أَهَمَّتْهُمْ أَنفُسُهُمْ يَظُنُّونَ بِٱللَّهِ غَيْرَ ٱلْحَقِّ ظَنَّ ٱلْجَٰهِلِيَّةِ ۖ يَقُولُونَ هَل لَّنَا مِنَ ٱلْأَمْرِ مِن شَىْءٍۢ ۗ قُلْ إِنَّ ٱلْأَمْرَ كُلَّهُۥ لِلَّهِ ۗ يُخْفُونَ فِىٓ أَنفُسِهِم مَّا لَا يُبْدُونَ لَكَ ۖ يَقُولُونَ لَوْ كَانَ لَنَا مِنَ ٱلْأَمْرِ شَىْءٌۭ مَّا قُتِلْنَا هَٰهُنَا ۗ قُل لَّوْ كُنتُمْ فِى بُيُوتِكُمْ لَبَرَزَ ٱلَّذِينَ كُتِبَ عَلَيْهِمُ ٱلْقَتْلُ إِلَىٰ مَضَاجِعِهِمْ ۖ وَلِيَبْتَلِىَ ٱللَّهُ مَا فِى صُدُورِكُمْ وَلِيُمَحِّصَ مَا فِى قُلُوبِكُمْ ۗ وَٱللَّهُ عَلِيمٌۢ بِذَاتِ ٱلصُّدُورِ,ثم أنزل عليكم من بعد لغم أمنة نعاسا يغشى طائفة منكم وطائفة قد أهمتهم أنفسهم يظنون بلله غير لحق ظن لجهلية يقولون هل لنا من لأمر من شىء قل إن لأمر كله لله يخفون فى أنفسهم ما لا يبدون لك يقولون لو كان لنا من لأمر شىء ما قتلنا ههنا قل لو كنتم فى بيوتكم لبرز لذين كتب عليهم لقتل إلى مضاجعهم وليبتلى لله ما فى صدوركم وليمحص ما فى قلوبكم ولله عليم بذات لصدور
3,156,23,قُتِلُ,قَتَلَ,قتل,قتل,يَٰٓأَيُّهَا ٱلَّذِينَ ءَامَنُوا۟ لَا تَكُونُوا۟ كَٱلَّذِينَ كَفَرُوا۟ وَقَالُوا۟ لِإِخْوَٰنِهِمْ إِذَا ضَرَبُوا۟ فِى ٱلْأَرْضِ أَوْ كَانُوا۟ غُزًّۭى لَّوْ كَانُوا۟ عِندَنَا مَا مَاتُوا۟ وَمَا قُتِلُوا۟ لِيَجْعَلَ ٱللَّهُ ذَٰلِكَ حَسْرَةًۭ فِى قُلُوبِهِمْ ۗ وَٱللَّهُ يُحْىِۦ وَيُمِيتُ ۗ وَٱللَّهُ بِمَا تَعْمَلُونَ بَصِيرٌۭ,يَٰٓأَيُّهَا ٱلَّذِينَ ءَامَنُوا۟ لَا تَكُونُوا۟ كَٱلَّذِينَ كَفَرُوا۟ وَقَالُوا۟ لِإِخْوَٰنِهِمْ إِذَا ضَرَبُوا۟ فِى ٱلْأَرْضِ أَوْ كَانُوا۟ غُزًّۭى لَّوْ كَانُوا۟ عِندَنَا مَا مَاتُوا۟ وَمَا قُتِلُوا۟ لِيَجْعَلَ ٱللَّهُ ذَٰلِكَ حَسْرَةًۭ فِى قُلُوبِهِمْ ۗ وَٱللَّهُ يُحْىِۦ وَيُمِيتُ ۗ وَٱللَّهُ بِمَا تَعْمَلُونَ بَصِيرٌۭ,يأيها لذين ءامنوا لا تكونوا كلذين كفروا وقالوا لإخونهم إذا ضربوا فى لأرض أو كانوا غزى لو كانوا عندنا ما ماتوا وما قتلوا ليجعل لله ذلك حسرة فى قلوبهم ولله يحى ويميت ولله بما تعملون بصير
3,157,2,قُتِلْ,قَتَلَ,قتل,قتل,وَلَئِن قُتِلْتُمْ فِى سَبِيلِ ٱللَّهِ أَوْ مُتُّمْ لَمَغْفِرَةٌۭ مِّنَ ٱللَّهِ وَرَحْمَةٌ خَيْرٌۭ مِّمَّا يَجْمَعُونَ,وَلَئِن قُتِلْتُمْ فِى سَبِيلِ ٱللَّهِ أَوْ مُتُّمْ لَمَغْفِرَةٌۭ مِّنَ ٱللَّهِ وَرَحْمَةٌ خَيْرٌۭ مِّمَّا يَجْمَعُونَ,ولئن قتلتم فى سبيل لله أو متم لمغفرة من لله ورحمة خير مما يجمعون
3,158,4,قُتِلْ,قَتَلَ,قتل,قتل,وَلَئِن مُّتُّمْ أَوْ قُتِلْتُمْ لَإِلَى ٱللَّهِ تُحْشَرُونَ,وَلَئِن مُّتُّمْ أَوْ قُتِلْتُمْ لَإِلَى ٱللَّهِ تُحْشَرُونَ,ولئن متم أو قتلتم لإلى لله تحشرون
3,167,7,قَٰتِلُ,قاتَلَ,قتل,قتل,وَلِيَعْلَمَ ٱلَّذِينَ نَافَقُوا۟ ۚ وَقِيلَ لَهُمْ تَعَالَوْا۟ قَٰتِلُوا۟ فِى سَبِيلِ ٱللَّهِ أَوِ ٱدْفَعُوا۟ ۖ قَالُوا۟ لَوْ نَعْلَمُ قِتَالًۭا لَّٱتَّبَعْنَٰكُمْ ۗ هُمْ لِلْكُفْرِ يَوْمَئِذٍ أَقْرَبُ مِنْهُمْ لِلْإِيمَٰنِ ۚ يَقُولُونَ بِأَفْوَٰهِهِم مَّا لَيْسَ فِى قُلُوبِهِمْ ۗ وَٱللَّهُ أَعْلَمُ بِمَا يَكْتُمُونَ,وَلِيَعْلَمَ ٱلَّذِينَ نَافَقُوا۟ ۚ وَقِيلَ لَهُمْ تَعَالَوْا۟ قَٰتِلُوا۟ فِى سَبِيلِ ٱللَّهِ أَوِ ٱدْفَعُوا۟ ۖ قَالُوا۟ لَوْ نَعْلَمُ قِتَالًۭا لَّٱتَّبَعْنَٰكُمْ ۗ هُمْ لِلْكُفْرِ يَوْمَئِذٍ أَقْرَبُ مِنْهُمْ لِلْإِيمَٰنِ ۚ يَقُولُونَ بِأَفْوَٰهِهِم مَّا لَيْسَ فِى قُلُوبِهِمْ ۗ وَٱللَّهُ أَعْلَمُ بِمَا يَكْتُمُونَ,وليعلم لذين نافقوا وقيل لهم تعالوا قتلوا فى سبيل لله أو دفعوا قالوا لو نعلم قتالا لتبعنكم هم للكفر يومئذ أقرب منهم للإيمن يقولون بأفوههم ما ليس فى قلوبهم ولله أعلم بما يكتمون
3,168,8,قُتِلُ,قَتَلَ,قتل,قتل,ٱلَّذِينَ قَالُوا۟ لِإِخْوَٰنِهِمْ وَقَعَدُوا۟ لَوْ أَطَاعُونَا مَا قُتِلُوا۟ ۗ قُلْ فَٱدْرَءُوا۟ عَنْ أَنفُسِكُمُ ٱلْمَوْتَ إِن كُنتُمْ صَٰدِقِينَ,ٱلَّذِينَ قَالُوا۟ لِإِخْوَٰنِهِمْ وَقَعَدُوا۟ لَوْ أَطَاعُونَا مَا قُتِلُوا۟ ۗ قُلْ فَٱدْرَءُوا۟ عَنْ أَنفُسِكُمُ ٱلْمَوْتَ إِن كُنتُمْ صَٰدِقِينَ,لذين قالوا لإخونهم وقعدوا لو أطاعونا ما قتلوا قل فدرءوا عن أنفسكم لموت إن كنتم صدقين
3,169,4,قُتِلُ,قَتَلَ,قتل,قتل,وَلَا تَحْسَبَنَّ ٱلَّذِينَ قُتِلُوا۟ فِى سَبِيلِ ٱللَّهِ أَمْوَٰتًۢا ۚ بَلْ أَحْيَآءٌ عِندَ رَبِّهِمْ يُرْزَقُونَ,وَلَا تَحْسَبَنَّ ٱلَّذِينَ قُتِلُوا۟ فِى سَبِيلِ ٱللَّهِ أَمْوَٰتًۢا ۚ بَلْ أَحْيَآءٌ عِندَ رَبِّهِمْ يُرْزَقُونَ,ولا تحسبن لذين قتلوا فى سبيل لله أموتا بل أحياء عند ربهم يرزقون
3,181,15,قَتْلَ,و,قتل,قتل,لَّقَدْ سَمِعَ ٱللَّهُ قَوْلَ ٱلَّذِينَ قَالُوٓا۟ إِنَّ ٱللَّهَ فَقِيرٌۭ وَنَحْنُ أَغْنِيَآءُ ۘ سَنَكْتُبُ مَا قَالُوا۟ وَقَتْلَهُمُ ٱلْأَنۢبِيَآءَ بِغَيْرِ حَقٍّۢ وَنَقُولُ ذُوقُوا۟ عَذَابَ ٱلْحَرِيقِ,لَّقَدْ سَمِعَ ٱللَّهُ قَوْلَ ٱلَّذِينَ قَالُوٓا۟ إِنَّ ٱللَّهَ فَقِيرٌۭ وَنَحْنُ أَغْنِيَآءُ ۘ سَنَكْتُبُ مَا قَالُوا۟ وَقَتْلَهُمُ ٱلْأَنۢبِيَآءَ بِغَيْرِ حَقٍّۢ وَنَقُولُ ذُوقُوا۟ عَذَابَ ٱلْحَرِيقِ,لقد سمع لله قول لذين قالوا إن لله فقير ونحن أغنياء سنكتب ما قالوا وقتلهم لأنبياء بغير حق ونقول ذوقوا عذاب لحريق
3,183,25,قَتَلْ,قَتَلَ,قتل,قتل,ٱلَّذِينَ قَالُوٓا۟ إِنَّ ٱللَّهَ عَهِدَ إِلَيْنَآ أَلَّا نُؤْمِنَ لِرَسُولٍ حَتَّىٰ يَأْتِيَنَا بِقُرْبَانٍۢ تَأْكُلُهُ ٱلنَّارُ ۗ قُلْ قَدْ جَآءَكُمْ رُسُلٌۭ مِّن قَبْلِى بِٱلْبَيِّنَٰتِ وَبِٱلَّذِى قُلْتُمْ فَلِمَ قَتَلْتُمُوهُمْ إِن كُنتُمْ صَٰدِقِينَ,ٱلَّذِينَ قَالُوٓا۟ إِنَّ ٱللَّهَ عَهِدَ إِلَيْنَآ أَلَّا نُؤْمِنَ لِرَسُولٍ حَتَّىٰ يَأْتِيَنَا بِقُرْبَانٍۢ تَأْكُلُهُ ٱلنَّارُ ۗ قُلْ قَدْ جَآءَكُمْ رُسُلٌۭ مِّن قَبْلِى بِٱلْبَيِّنَٰتِ وَبِٱلَّذِى قُلْتُمْ فَلِمَ قَتَلْتُمُوهُمْ إِن كُنتُمْ صَٰدِقِينَ,لذين قالوا إن لله عهد إلينا ألا نؤمن لرسول حتى يأتينا بقربان تأكله لنار قل قد جاءكم رسل من قبلى بلبينت وبلذى قلتم فلم قتلتموهم إن كنتم صدقين
3,195,25,قَٰتَلُ,و,قتل,قتل,فَٱسْتَجَابَ لَهُمْ رَبُّهُمْ أَنِّى لَآ أُضِيعُ عَمَلَ عَٰمِلٍۢ مِّنكُم مِّن ذَكَرٍ أَوْ أُنثَىٰ ۖ بَعْضُكُم مِّنۢ بَعْضٍۢ ۖ فَٱلَّذِينَ هَاجَرُوا۟ وَأُخْرِجُوا۟ مِن دِيَٰرِهِمْ وَأُوذُوا۟ فِى سَبِيلِى وَقَٰتَلُوا۟ وَقُتِلُوا۟ لَأُكَفِّرَنَّ عَنْهُمْ سَيِّـَٔاتِهِمْ وَلَأُدْخِلَنَّهُمْ جَنَّٰتٍۢ تَجْرِى مِن تَحْتِهَا ٱلْأَنْهَٰرُ ثَوَابًۭا مِّنْ عِندِ ٱللَّهِ ۗ وَٱللَّهُ عِندَهُۥ حُسْنُ ٱلثَّوَابِ,فَٱسْتَجَابَ لَهُمْ رَبُّهُمْ أَنِّى لَآ أُضِيعُ عَمَلَ عَٰمِلٍۢ مِّنكُم مِّن ذَكَرٍ أَوْ أُنثَىٰ ۖ بَعْضُكُم مِّنۢ بَعْضٍۢ ۖ فَٱلَّذِينَ هَاجَرُوا۟ وَأُخْرِجُوا۟ مِن دِيَٰرِهِمْ وَأُوذُوا۟ فِى سَبِيلِى وَقَٰتَلُوا۟ وَقُتِلُوا۟ لَأُكَفِّرَنَّ عَنْهُمْ سَيِّـَٔاتِهِمْ وَلَأُدْخِلَنَّهُمْ جَنَّٰتٍۢ تَجْرِى مِن تَحْتِهَا ٱلْأَنْهَٰرُ ثَوَابًۭا مِّنْ عِندِ ٱللَّهِ ۗ وَٱللَّهُ عِندَهُۥ حُسْنُ ٱلثَّوَابِ,فستجاب لهم ربهم أنى لا أضيع عمل عمل منكم من ذكر أو أنثى بعضكم من بعض فلذين هاجروا وأخرجوا من ديرهم وأوذوا فى سبيلى وقتلوا وقتلوا لأكفرن عنهم سيـاتهم ولأدخلنهم جنت تجرى من تحتها لأنهر ثوابا من عند لله ولله عنده حسن لثواب
4,29,17,تَقْتُلُ,قَتَلَ,قتل,قتل,يَٰٓأَيُّهَا ٱلَّذِينَ ءَامَنُوا۟ لَا تَأْكُلُوٓا۟ أَمْوَٰلَكُم بَيْنَكُم بِٱلْبَٰطِلِ إِلَّآ أَن تَكُونَ تِجَٰرَةً عَن تَرَاضٍۢ مِّنكُمْ ۚ وَلَا تَقْتُلُوٓا۟ أَنفُسَكُمْ ۚ إِنَّ ٱللَّهَ كَانَ بِكُمْ رَحِيمًۭا,يَٰٓأَيُّهَا ٱلَّذِينَ ءَامَنُوا۟ لَا تَأْكُلُوٓا۟ أَمْوَٰلَكُم بَيْنَكُم بِٱلْبَٰطِلِ إِلَّآ أَن تَكُونَ تِجَٰرَةً عَن تَرَاضٍۢ مِّنكُمْ ۚ وَلَا تَقْتُلُوٓا۟ أَنفُسَكُمْ ۚ إِنَّ ٱللَّهَ كَانَ بِكُمْ رَحِيمًۭا,يأيها لذين ءامنوا لا تأكلوا أمولكم بينكم بلبطل إلا أن تكون تجرة عن تراض منكم ولا تقتلوا أنفسكم إن لله كان بكم رحيما
4,66,6,ٱقْتُلُ,قَتَلَ,قتل,قتل,وَلَوْ أَنَّا كَتَبْنَا عَلَيْهِمْ أَنِ ٱقْتُلُوٓا۟ أَنفُسَكُمْ أَوِ ٱخْرُجُوا۟ مِن دِيَٰرِكُم مَّا فَعَلُوهُ إِلَّا قَلِيلٌۭ مِّنْهُمْ ۖ وَلَوْ أَنَّهُمْ فَعَلُوا۟ مَا يُوعَظُونَ بِهِۦ لَكَانَ خَيْرًۭا لَّهُمْ وَأَشَدَّ تَثْبِيتًۭا,وَلَوْ أَنَّا كَتَبْنَا عَلَيْهِمْ أَنِ ٱقْتُلُوٓا۟ أَنفُسَكُمْ أَوِ ٱخْرُجُوا۟ مِن دِيَٰرِكُم مَّا فَعَلُوهُ إِلَّا قَلِيلٌۭ مِّنْهُمْ ۖ وَلَوْ أَنَّهُمْ فَعَلُوا۟ مَا يُوعَظُونَ بِهِۦ لَكَانَ خَيْرًۭا لَّهُمْ وَأَشَدَّ تَثْبِيتًۭا,ولو أنا كتبنا عليهم أن قتلوا أنفسكم أو خرجوا من ديركم ما فعلوه إلا قليل منهم ولو أنهم فعلوا ما يوعظون به لكان خيرا لهم وأشد تثبيتا
4,74,1,يُقَٰتِلْ,ف,قتل,قتل,۞ فَلْيُقَٰتِلْ فِى سَبِيلِ ٱللَّهِ ٱلَّذِينَ يَشْرُونَ ٱلْحَيَوٰةَ ٱلدُّنْيَا بِٱلْءَاخِرَةِ ۚ وَمَن يُقَٰتِلْ فِى سَبِيلِ ٱللَّهِ فَيُقْتَلْ أَوْ يَغْلِبْ فَسَوْفَ نُؤْتِيهِ أَجْرًا عَظِيمًۭا,۞ فَلْيُقَٰتِلْ فِى سَبِيلِ ٱللَّهِ ٱلَّذِينَ يَشْرُونَ ٱلْحَيَوٰةَ ٱلدُّنْيَا بِٱلْءَاخِرَةِ ۚ وَمَن يُقَٰتِلْ فِى سَبِيلِ ٱللَّهِ فَيُقْتَلْ أَوْ يَغْلِبْ فَسَوْفَ نُؤْتِيهِ أَجْرًا عَظِيمًۭا,فليقتل فى سبيل لله لذين يشرون لحيوة لدنيا بلءاخرة ومن يقتل فى سبيل لله فيقتل أو يغلب فسوف نؤتيه أجرا عظيما
4,75,4,تُقَٰتِلُ,قاتَلَ,قتل,قتل,وَمَا لَكُمْ لَا تُقَٰتِلُونَ فِى سَبِيلِ ٱللَّهِ وَٱلْمُسْتَضْعَفِينَ مِنَ ٱلرِّجَالِ وَٱلنِّسَآءِ وَٱلْوِلْدَٰنِ ٱلَّذِينَ يَقُولُونَ رَبَّنَآ أَخْرِجْنَا مِنْ هَٰذِهِ ٱلْقَرْيَةِ ٱلظَّالِمِ أَهْلُهَا وَٱجْعَل لَّنَا مِن لَّدُنكَ وَلِيًّۭا وَٱجْعَل لَّنَا مِن لَّدُنكَ نَصِيرًا,وَمَا لَكُمْ لَا تُقَٰتِلُونَ فِى سَبِيلِ ٱللَّهِ وَٱلْمُسْتَضْعَفِينَ مِنَ ٱلرِّجَالِ وَٱلنِّسَآءِ وَٱلْوِلْدَٰنِ ٱلَّذِينَ يَقُولُونَ رَبَّنَآ أَخْرِجْنَا مِنْ هَٰذِهِ ٱلْقَرْيَةِ ٱلظَّالِمِ أَهْلُهَا وَٱجْعَل لَّنَا مِن لَّدُنكَ وَلِيًّۭا وَٱجْعَل لَّنَا مِن لَّدُنكَ نَصِيرًا,وما لكم لا تقتلون فى سبيل لله ولمستضعفين من لرجال ولنساء ولولدن لذين يقولون ربنا أخرجنا من هذه لقرية لظالم أهلها وجعل لنا من لدنك وليا وجعل لنا من لدنك نصيرا
4,76,3,يُقَٰتِلُ,قاتَلَ,قتل,قتل,ٱلَّذِينَ ءَامَنُوا۟ يُقَٰتِلُونَ فِى سَبِيلِ ٱللَّهِ ۖ وَٱلَّذِينَ كَفَرُوا۟ يُقَٰتِلُونَ فِى سَبِيلِ ٱلطَّٰغُوتِ فَقَٰتِلُوٓا۟ أَوْلِيَآءَ ٱلشَّيْطَٰنِ ۖ إِنَّ كَيْدَ ٱلشَّيْطَٰنِ كَانَ ضَعِيفًا,ٱلَّذِينَ ءَامَنُوا۟ يُقَٰتِلُونَ فِى سَبِيلِ ٱللَّهِ ۖ وَٱلَّذِينَ كَفَرُوا۟ يُقَٰتِلُونَ فِى سَبِيلِ ٱلطَّٰغُوتِ فَقَٰتِلُوٓا۟ أَوْلِيَآءَ ٱلشَّيْطَٰنِ ۖ إِنَّ كَيْدَ ٱلشَّيْطَٰنِ كَانَ ضَعِيفًا,لذين ءامنوا يقتلون فى سبيل لله ولذين كفروا يقتلون فى سبيل لطغوت فقتلوا أولياء لشيطن إن كيد لشيطن كان ضعيفا
4,84,1,قَٰتِلْ,ف,قتل,قتل,فَقَٰتِلْ فِى سَبِيلِ ٱللَّهِ لَا تُكَلَّفُ إِلَّا نَفْسَكَ ۚ وَحَرِّضِ ٱلْمُؤْمِنِينَ ۖ عَسَى ٱللَّهُ أَن يَكُفَّ بَأْسَ ٱلَّذِينَ كَفَرُوا۟ ۚ وَٱللَّهُ أَشَدُّ بَأْسًۭا وَأَشَدُّ تَنكِيلًۭا,فَقَٰتِلْ فِى سَبِيلِ ٱللَّهِ لَا تُكَلَّفُ إِلَّا نَفْسَكَ ۚ وَحَرِّضِ ٱلْمُؤْمِنِينَ ۖ عَسَى ٱللَّهُ أَن يَكُفَّ بَأْسَ ٱلَّذِينَ كَفَرُوا۟ ۚ وَٱللَّهُ أَشَدُّ بَأْسًۭا وَأَشَدُّ تَنكِيلًۭا,فقتل فى سبيل لله لا تكلف إلا نفسك وحرض لمؤمنين عسى لله أن يكف بأس لذين كفروا ولله أشد بأسا وأشد تنكيلا
4,89,20,ٱقْتُلُ,و,قتل,قتل,وَدُّوا۟ لَوْ تَكْفُرُونَ كَمَا كَفَرُوا۟ فَتَكُونُونَ سَوَآءًۭ ۖ فَلَا تَتَّخِذُوا۟ مِنْهُمْ أَوْلِيَآءَ حَتَّىٰ يُهَاجِرُوا۟ فِى سَبِيلِ ٱللَّهِ ۚ فَإِن تَوَلَّوْا۟ فَخُذُوهُمْ وَٱقْتُلُوهُمْ حَيْثُ وَجَدتُّمُوهُمْ ۖ وَلَا تَتَّخِذُوا۟ مِنْهُمْ وَلِيًّۭا وَلَا نَصِيرًا,وَدُّوا۟ لَوْ تَكْفُرُونَ كَمَا كَفَرُوا۟ فَتَكُونُونَ سَوَآءًۭ ۖ فَلَا تَتَّخِذُوا۟ مِنْهُمْ أَوْلِيَآءَ حَتَّىٰ يُهَاجِرُوا۟ فِى سَبِيلِ ٱللَّهِ ۚ فَإِن تَوَلَّوْا۟ فَخُذُوهُمْ وَٱقْتُلُوهُمْ حَيْثُ وَجَدتُّمُوهُمْ ۖ وَلَا تَتَّخِذُوا۟ مِنْهُمْ وَلِيًّۭا وَلَا نَصِيرًا,ودوا لو تكفرون كما كفروا فتكونون سواء فلا تتخذوا منهم أولياء حتى يهاجروا فى سبيل لله فإن تولوا فخذوهم وقتلوهم حيث وجدتموهم ولا تتخذوا منهم وليا ولا نصيرا
4,90,14,يُقَٰتِلُ,قاتَلَ,قتل,قتل,إِلَّا ٱلَّذِينَ يَصِلُونَ إِلَىٰ قَوْمٍۭ بَيْنَكُمْ وَبَيْنَهُم مِّيثَٰقٌ أَوْ جَآءُوكُمْ حَصِرَتْ صُدُورُهُمْ أَن يُقَٰتِلُوكُمْ أَوْ يُقَٰتِلُوا۟ قَوْمَهُمْ ۚ وَلَوْ شَآءَ ٱللَّهُ لَسَلَّطَهُمْ عَلَيْكُمْ فَلَقَٰتَلُوكُمْ ۚ فَإِنِ ٱعْتَزَلُوكُمْ فَلَمْ يُقَٰتِلُوكُمْ وَأَلْقَوْا۟ إِلَيْكُمُ ٱلسَّلَمَ فَمَا جَعَلَ ٱللَّهُ لَكُمْ عَلَيْهِمْ سَبِيلًۭا,إِلَّا ٱلَّذِينَ يَصِلُونَ إِلَىٰ قَوْمٍۭ بَيْنَكُمْ وَبَيْنَهُم مِّيثَٰقٌ أَوْ جَآءُوكُمْ حَصِرَتْ صُدُورُهُمْ أَن يُقَٰتِلُوكُمْ أَوْ يُقَٰتِلُوا۟ قَوْمَهُمْ ۚ وَلَوْ شَآءَ ٱللَّهُ لَسَلَّطَهُمْ عَلَيْكُمْ فَلَقَٰتَلُوكُمْ ۚ فَإِنِ ٱعْتَزَلُوكُمْ فَلَمْ يُقَٰتِلُوكُمْ وَأَلْقَوْا۟ إِلَيْكُمُ ٱلسَّلَمَ فَمَا جَعَلَ ٱللَّهُ لَكُمْ عَلَيْهِمْ سَبِيلًۭا,إلا لذين يصلون إلى قوم بينكم وبينهم ميثق أو جاءوكم حصرت صدورهم أن يقتلوكم أو يقتلوا قومهم ولو شاء لله لسلطهم عليكم فلقتلوكم فإن عتزلوكم فلم يقتلوكم وألقوا إليكم لسلم فما جعل لله لكم عليهم سبيلا
4,91,24,ٱقْتُلُ,و,قتل,قتل,سَتَجِدُونَ ءَاخَرِينَ يُرِيدُونَ أَن يَأْمَنُوكُمْ وَيَأْمَنُوا۟ قَوْمَهُمْ كُلَّ مَا رُدُّوٓا۟ إِلَى ٱلْفِتْنَةِ أُرْكِسُوا۟ فِيهَا ۚ فَإِن لَّمْ يَعْتَزِلُوكُمْ وَيُلْقُوٓا۟ إِلَيْكُمُ ٱلسَّلَمَ وَيَكُفُّوٓا۟ أَيْدِيَهُمْ فَخُذُوهُمْ وَٱقْتُلُوهُمْ حَيْثُ ثَقِفْتُمُوهُمْ ۚ وَأُو۟لَٰٓئِكُمْ جَعَلْنَا لَكُمْ عَلَيْهِمْ سُلْطَٰنًۭا مُّبِينًۭا,سَتَجِدُونَ ءَاخَرِينَ يُرِيدُونَ أَن يَأْمَنُوكُمْ وَيَأْمَنُوا۟ قَوْمَهُمْ كُلَّ مَا رُدُّوٓا۟ إِلَى ٱلْفِتْنَةِ أُرْكِسُوا۟ فِيهَا ۚ فَإِن لَّمْ يَعْتَزِلُوكُمْ وَيُلْقُوٓا۟ إِلَيْكُمُ ٱلسَّلَمَ وَيَكُفُّوٓا۟ أَيْدِيَهُمْ فَخُذُوهُمْ وَٱقْتُلُوهُمْ حَيْثُ ثَقِفْتُمُوهُمْ ۚ وَأُو۟لَٰٓئِكُمْ جَعَلْنَا لَكُمْ عَلَيْهِمْ سُلْطَٰنًۭا مُّبِينًۭا,ستجدون ءاخرين يريدون أن يأمنوكم ويأمنوا قومهم كل ما ردوا إلى لفتنة أركسوا فيها فإن لم يعتزلوكم ويلقوا إليكم لسلم ويكفوا أيديهم فخذوهم وقتلوهم حيث ثقفتموهم وأولئكم جعلنا لكم عليهم سلطنا مبينا
4,92,5,يَقْتُلَ,قَتَلَ,قتل,قتل,وَمَا كَانَ لِمُؤْمِنٍ أَن يَقْتُلَ مُؤْمِنًا إِلَّا خَطَـًۭٔا ۚ وَمَن قَتَلَ مُؤْمِنًا خَطَـًۭٔا فَتَحْرِيرُ رَقَبَةٍۢ مُّؤْمِنَةٍۢ وَدِيَةٌۭ مُّسَلَّمَةٌ إِلَىٰٓ أَهْلِهِۦٓ إِلَّآ أَن يَصَّدَّقُوا۟ ۚ فَإِن كَانَ مِن قَوْمٍ عَدُوٍّۢ لَّكُمْ وَهُوَ مُؤْمِنٌۭ فَتَحْرِيرُ رَقَبَةٍۢ مُّؤْمِنَةٍۢ ۖ وَإِن كَانَ مِن قَوْمٍۭ بَيْنَكُمْ وَبَيْنَهُم مِّيثَٰقٌۭ فَدِيَةٌۭ مُّسَلَّمَةٌ إِلَىٰٓ أَهْلِهِۦ وَتَحْرِيرُ رَقَبَةٍۢ مُّؤْمِنَةٍۢ ۖ فَمَن لَّمْ يَجِدْ فَصِيَامُ شَهْرَيْنِ مُتَتَابِعَيْنِ تَوْبَةًۭ مِّنَ ٱللَّهِ ۗ وَكَانَ ٱللَّهُ عَلِيمًا حَكِيمًۭا,وَمَا كَانَ لِمُؤْمِنٍ أَن يَقْتُلَ مُؤْمِنًا إِلَّا خَطَـًۭٔا ۚ وَمَن قَتَلَ مُؤْمِنًا خَطَـًۭٔا فَتَحْرِيرُ رَقَبَةٍۢ مُّؤْمِنَةٍۢ وَدِيَةٌۭ مُّسَلَّمَةٌ إِلَىٰٓ أَهْلِهِۦٓ إِلَّآ أَن يَصَّدَّقُوا۟ ۚ فَإِن كَانَ مِن قَوْمٍ عَدُوٍّۢ لَّكُمْ وَهُوَ مُؤْمِنٌۭ فَتَحْرِيرُ رَقَبَةٍۢ مُّؤْمِنَةٍۢ ۖ وَإِن كَانَ مِن قَوْمٍۭ بَيْنَكُمْ وَبَيْنَهُم مِّيثَٰقٌۭ فَدِيَةٌۭ مُّسَلَّمَةٌ إِلَىٰٓ أَهْلِهِۦ وَتَحْرِيرُ رَقَبَةٍۢ مُّؤْمِنَةٍۢ ۖ فَمَن لَّمْ يَجِدْ فَصِيَامُ شَهْرَيْنِ مُتَتَابِعَيْنِ تَوْبَةًۭ مِّنَ ٱللَّهِ ۗ وَكَانَ ٱللَّهُ عَلِيمًا حَكِيمًۭا,وما كان لمؤمن أن يقتل مؤمنا إلا خطـا ومن قتل مؤمنا خطـا فتحرير رقبة مؤمنة ودية مسلمة إلى أهله إلا أن يصدقوا فإن كان من قوم عدو لكم وهو مؤمن فتحرير رقبة مؤمنة وإن كان من قوم بينكم وبينهم ميثق فدية مسلمة إلى أهله وتحرير رقبة مؤمنة فمن لم يجد فصيام شهرين متتابعين توبة من لله وكان لله عليما حكيما
4,93,2,يَقْتُلْ,قَتَلَ,قتل,قتل,وَمَن يَقْتُلْ مُؤْمِنًۭا مُّتَعَمِّدًۭا فَجَزَآؤُهُۥ جَهَنَّمُ خَٰلِدًۭا فِيهَا وَغَضِبَ ٱللَّهُ عَلَيْهِ وَلَعَنَهُۥ وَأَعَدَّ لَهُۥ عَذَابًا عَظِيمًۭا,وَمَن يَقْتُلْ مُؤْمِنًۭا مُّتَعَمِّدًۭا فَجَزَآؤُهُۥ جَهَنَّمُ خَٰلِدًۭا فِيهَا وَغَضِبَ ٱللَّهُ عَلَيْهِ وَلَعَنَهُۥ وَأَعَدَّ لَهُۥ عَذَابًا عَظِيمًۭا,ومن يقتل مؤمنا متعمدا فجزاؤه جهنم خلدا فيها وغضب لله عليه ولعنه وأعد له عذابا عظيما
4,155,7,قَتْلِ,و,قتل,قتل,فَبِمَا نَقْضِهِم مِّيثَٰقَهُمْ وَكُفْرِهِم بِـَٔايَٰتِ ٱللَّهِ وَقَتْلِهِمُ ٱلْأَنۢبِيَآءَ بِغَيْرِ حَقٍّۢ وَقَوْلِهِمْ قُلُوبُنَا غُلْفٌۢ ۚ بَلْ طَبَعَ ٱللَّهُ عَلَيْهَا بِكُفْرِهِمْ فَلَا يُؤْمِنُونَ إِلَّا قَلِيلًۭا,فَبِمَا نَقْضِهِم مِّيثَٰقَهُمْ وَكُفْرِهِم بِـَٔايَٰتِ ٱللَّهِ وَقَتْلِهِمُ ٱلْأَنۢبِيَآءَ بِغَيْرِ حَقٍّۢ وَقَوْلِهِمْ قُلُوبُنَا غُلْفٌۢ ۚ بَلْ طَبَعَ ٱللَّهُ عَلَيْهَا بِكُفْرِهِمْ فَلَا يُؤْمِنُونَ إِلَّا قَلِيلًۭا,فبما نقضهم ميثقهم وكفرهم بـايت لله وقتلهم لأنبياء بغير حق وقولهم قلوبنا غلف بل طبع لله عليها بكفرهم فلا يؤمنون إلا قليلا
4,157,3,قَتَلْ,قَتَلَ,قتل,قتل,وَقَوْلِهِمْ إِنَّا قَتَلْنَا ٱلْمَسِيحَ عِيسَى ٱبْنَ مَرْيَمَ رَسُولَ ٱللَّهِ وَمَا قَتَلُوهُ وَمَا صَلَبُوهُ وَلَٰكِن شُبِّهَ لَهُمْ ۚ وَإِنَّ ٱلَّذِينَ ٱخْتَلَفُوا۟ فِيهِ لَفِى شَكٍّۢ مِّنْهُ ۚ مَا لَهُم بِهِۦ مِنْ عِلْمٍ إِلَّا ٱتِّبَاعَ ٱلظَّنِّ ۚ وَمَا قَتَلُوهُ يَقِينًۢا,وَقَوْلِهِمْ إِنَّا قَتَلْنَا ٱلْمَسِيحَ عِيسَى ٱبْنَ مَرْيَمَ رَسُولَ ٱللَّهِ وَمَا قَتَلُوهُ وَمَا صَلَبُوهُ وَلَٰكِن شُبِّهَ لَهُمْ ۚ وَإِنَّ ٱلَّذِينَ ٱخْتَلَفُوا۟ فِيهِ لَفِى شَكٍّۢ مِّنْهُ ۚ مَا لَهُم بِهِۦ مِنْ عِلْمٍ إِلَّا ٱتِّبَاعَ ٱلظَّنِّ ۚ وَمَا قَتَلُوهُ يَقِينًۢا,وقولهم إنا قتلنا لمسيح عيسى بن مريم رسول لله وما قتلوه وما صلبوه ولكن شبه لهم وإن لذين ختلفوا فيه لفى شك منه ما لهم به من علم إلا تباع لظن وما قتلوه يقينا
5,24,13,قَٰتِلَ,ف,قتل,قتل,قَالُوا۟ يَٰمُوسَىٰٓ إِنَّا لَن نَّدْخُلَهَآ أَبَدًۭا مَّا دَامُوا۟ فِيهَا ۖ فَٱذْهَبْ أَنتَ وَرَبُّكَ فَقَٰتِلَآ إِنَّا هَٰهُنَا قَٰعِدُونَ,قَالُوا۟ يَٰمُوسَىٰٓ إِنَّا لَن نَّدْخُلَهَآ أَبَدًۭا مَّا دَامُوا۟ فِيهَا ۖ فَٱذْهَبْ أَنتَ وَرَبُّكَ فَقَٰتِلَآ إِنَّا هَٰهُنَا قَٰعِدُونَ,قالوا يموسى إنا لن ندخلها أبدا ما داموا فيها فذهب أنت وربك فقتلا إنا ههنا قعدون
5,27,18,أَقْتُلَ,ل,قتل,قتل,۞ وَٱتْلُ عَلَيْهِمْ نَبَأَ ٱبْنَىْ ءَادَمَ بِٱلْحَقِّ إِذْ قَرَّبَا قُرْبَانًۭا فَتُقُبِّلَ مِنْ أَحَدِهِمَا وَلَمْ يُتَقَبَّلْ مِنَ ٱلْءَاخَرِ قَالَ لَأَقْتُلَنَّكَ ۖ قَالَ إِنَّمَا يَتَقَبَّلُ ٱللَّهُ مِنَ ٱلْمُتَّقِينَ,۞ وَٱتْلُ عَلَيْهِمْ نَبَأَ ٱبْنَىْ ءَادَمَ بِٱلْحَقِّ إِذْ قَرَّبَا قُرْبَانًۭا فَتُقُبِّلَ مِنْ أَحَدِهِمَا وَلَمْ يُتَقَبَّلْ مِنَ ٱلْءَاخَرِ قَالَ لَأَقْتُلَنَّكَ ۖ قَالَ إِنَّمَا يَتَقَبَّلُ ٱللَّهُ مِنَ ٱلْمُتَّقِينَ,وتل عليهم نبأ بنى ءادم بلحق إذ قربا قربانا فتقبل من أحدهما ولم يتقبل من لءاخر قال لأقتلنك قال إنما يتقبل لله من لمتقين
5,28,5,تَقْتُلَ,ل,قتل,قتل,لَئِنۢ بَسَطتَ إِلَىَّ يَدَكَ لِتَقْتُلَنِى مَآ أَنَا۠ بِبَاسِطٍۢ يَدِىَ إِلَيْكَ لِأَقْتُلَكَ ۖ إِنِّىٓ أَخَافُ ٱللَّهَ رَبَّ ٱلْعَٰلَمِينَ,لَئِنۢ بَسَطتَ إِلَىَّ يَدَكَ لِتَقْتُلَنِى مَآ أَنَا۠ بِبَاسِطٍۢ يَدِىَ إِلَيْكَ لِأَقْتُلَكَ ۖ إِنِّىٓ أَخَافُ ٱللَّهَ رَبَّ ٱلْعَٰلَمِينَ,لئن بسطت إلى يدك لتقتلنى ما أنا بباسط يدى إليك لأقتلك إنى أخاف لله رب لعلمين
5,30,4,قَتْلَ,قَتْل,قتل,قتل,فَطَوَّعَتْ لَهُۥ نَفْسُهُۥ قَتْلَ أَخِيهِ فَقَتَلَهُۥ فَأَصْبَحَ مِنَ ٱلْخَٰسِرِينَ,فَطَوَّعَتْ لَهُۥ نَفْسُهُۥ قَتْلَ أَخِيهِ فَقَتَلَهُۥ فَأَصْبَحَ مِنَ ٱلْخَٰسِرِينَ,فطوعت له نفسه قتل أخيه فقتله فأصبح من لخسرين
5,32,10,قَتَلَ,قَتَلَ,قتل,قتل,مِنْ أَجْلِ ذَٰلِكَ كَتَبْنَا عَلَىٰ بَنِىٓ إِسْرَٰٓءِيلَ أَنَّهُۥ مَن قَتَلَ نَفْسًۢا بِغَيْرِ نَفْسٍ أَوْ فَسَادٍۢ فِى ٱلْأَرْضِ فَكَأَنَّمَا قَتَلَ ٱلنَّاسَ جَمِيعًۭا وَمَنْ أَحْيَاهَا فَكَأَنَّمَآ أَحْيَا ٱلنَّاسَ جَمِيعًۭا ۚ وَلَقَدْ جَآءَتْهُمْ رُسُلُنَا بِٱلْبَيِّنَٰتِ ثُمَّ إِنَّ كَثِيرًۭا مِّنْهُم بَعْدَ ذَٰلِكَ فِى ٱلْأَرْضِ لَمُسْرِفُونَ,مِنْ أَجْلِ ذَٰلِكَ كَتَبْنَا عَلَىٰ بَنِىٓ إِسْرَٰٓءِيلَ أَنَّهُۥ مَن قَتَلَ نَفْسًۢا بِغَيْرِ نَفْسٍ أَوْ فَسَادٍۢ فِى ٱلْأَرْضِ فَكَأَنَّمَا قَتَلَ ٱلنَّاسَ جَمِيعًۭا وَمَنْ أَحْيَاهَا فَكَأَنَّمَآ أَحْيَا ٱلنَّاسَ جَمِيعًۭا ۚ وَلَقَدْ جَآءَتْهُمْ رُسُلُنَا بِٱلْبَيِّنَٰتِ ثُمَّ إِنَّ كَثِيرًۭا مِّنْهُم بَعْدَ ذَٰلِكَ فِى ٱلْأَرْضِ لَمُسْرِفُونَ,من أجل ذلك كتبنا على بنى إسرءيل أنه من قتل نفسا بغير نفس أو فساد فى لأرض فكأنما قتل لناس جميعا ومن أحياها فكأنما أحيا لناس جميعا ولقد جاءتهم رسلنا بلبينت ثم إن كثيرا منهم بعد ذلك فى لأرض لمسرفون
5,33,12,يُقَتَّلُ,قُتِّلُ,قتل,قتل,إِنَّمَا جَزَٰٓؤُا۟ ٱلَّذِينَ يُحَارِبُونَ ٱللَّهَ وَرَسُولَهُۥ وَيَسْعَوْنَ فِى ٱلْأَرْضِ فَسَادًا أَن يُقَتَّلُوٓا۟ أَوْ يُصَلَّبُوٓا۟ أَوْ تُقَطَّعَ أَيْدِيهِمْ وَأَرْجُلُهُم مِّنْ خِلَٰفٍ أَوْ يُنفَوْا۟ مِنَ ٱلْأَرْضِ ۚ ذَٰلِكَ لَهُمْ خِزْىٌۭ فِى ٱلدُّنْيَا ۖ وَلَهُمْ فِى ٱلْءَاخِرَةِ عَذَابٌ عَظِيمٌ,إِنَّمَا جَزَٰٓؤُا۟ ٱلَّذِينَ يُحَارِبُونَ ٱللَّهَ وَرَسُولَهُۥ وَيَسْعَوْنَ فِى ٱلْأَرْضِ فَسَادًا أَن يُقَتَّلُوٓا۟ أَوْ يُصَلَّبُوٓا۟ أَوْ تُقَطَّعَ أَيْدِيهِمْ وَأَرْجُلُهُم مِّنْ خِلَٰفٍ أَوْ يُنفَوْا۟ مِنَ ٱلْأَرْضِ ۚ ذَٰلِكَ لَهُمْ خِزْىٌۭ فِى ٱلدُّنْيَا ۖ وَلَهُمْ فِى ٱلْءَاخِرَةِ عَذَابٌ عَظِيمٌ,إنما جزؤا لذين يحاربون لله ورسوله ويسعون فى لأرض فسادا أن يقتلوا أو يصلبوا أو تقطع أيديهم وأرجلهم من خلف أو ينفوا من لأرض ذلك لهم خزى فى لدنيا ولهم فى لءاخرة عذاب عظيم
5,70,19,يَقْتُلُ,قَتَلَ,قتل,قتل,لَقَدْ أَخَذْنَا مِيثَٰقَ بَنِىٓ إِسْرَٰٓءِيلَ وَأَرْسَلْنَآ إِلَيْهِمْ رُسُلًۭا ۖ كُلَّمَا جَآءَهُمْ رَسُولٌۢ بِمَا لَا تَهْوَىٰٓ أَنفُسُهُمْ فَرِيقًۭا كَذَّبُوا۟ وَفَرِيقًۭا يَقْتُلُونَ,لَقَدْ أَخَذْنَا مِيثَٰقَ بَنِىٓ إِسْرَٰٓءِيلَ وَأَرْسَلْنَآ إِلَيْهِمْ رُسُلًۭا ۖ كُلَّمَا جَآءَهُمْ رَسُولٌۢ بِمَا لَا تَهْوَىٰٓ أَنفُسُهُمْ فَرِيقًۭا كَذَّبُوا۟ وَفَرِيقًۭا يَقْتُلُونَ,لقد أخذنا ميثق بنى إسرءيل وأرسلنا إليهم رسلا كلما جاءهم رسول بما لا تهوى أنفسهم فريقا كذبوا وفريقا يقتلون
5,95,5,تَقْتُلُ,قَتَلَ,قتل,قتل,يَٰٓأَيُّهَا ٱلَّذِينَ ءَامَنُوا۟ لَا تَقْتُلُوا۟ ٱلصَّيْدَ وَأَنتُمْ حُرُمٌۭ ۚ وَمَن قَتَلَهُۥ مِنكُم مُّتَعَمِّدًۭا فَجَزَآءٌۭ مِّثْلُ مَا قَتَلَ مِنَ ٱلنَّعَمِ يَحْكُمُ بِهِۦ ذَوَا عَدْلٍۢ مِّنكُمْ هَدْيًۢا بَٰلِغَ ٱلْكَعْبَةِ أَوْ كَفَّٰرَةٌۭ طَعَامُ مَسَٰكِينَ أَوْ عَدْلُ ذَٰلِكَ صِيَامًۭا لِّيَذُوقَ وَبَالَ أَمْرِهِۦ ۗ عَفَا ٱللَّهُ عَمَّا سَلَفَ ۚ وَمَنْ عَادَ فَيَنتَقِمُ ٱللَّهُ مِنْهُ ۗ وَٱللَّهُ عَزِيزٌۭ ذُو ٱنتِقَامٍ,يَٰٓأَيُّهَا ٱلَّذِينَ ءَامَنُوا۟ لَا تَقْتُلُوا۟ ٱلصَّيْدَ وَأَنتُمْ حُرُمٌۭ ۚ وَمَن قَتَلَهُۥ مِنكُم مُّتَعَمِّدًۭا فَجَزَآءٌۭ مِّثْلُ مَا قَتَلَ مِنَ ٱلنَّعَمِ يَحْكُمُ بِهِۦ ذَوَا عَدْلٍۢ مِّنكُمْ هَدْيًۢا بَٰلِغَ ٱلْكَعْبَةِ أَوْ كَفَّٰرَةٌۭ طَعَامُ مَسَٰكِينَ أَوْ عَدْلُ ذَٰلِكَ صِيَامًۭا لِّيَذُوقَ وَبَالَ أَمْرِهِۦ ۗ عَفَا ٱللَّهُ عَمَّا سَلَفَ ۚ وَمَنْ عَادَ فَيَنتَقِمُ ٱللَّهُ مِنْهُ ۗ وَٱللَّهُ عَزِيزٌۭ ذُو ٱنتِقَامٍ,يأيها لذين ءامنوا لا تقتلوا لصيد وأنتم حرم ومن قتله منكم متعمدا فجزاء مثل ما قتل من لنعم يحكم به ذوا عدل منكم هديا بلغ لكعبة أو كفرة طعام مسكين أو عدل ذلك صياما ليذوق وبال أمره عفا لله عما سلف ومن عاد فينتقم لله منه ولله عزيز ذو نتقام
6,137,6,قَتْلَ,قَتْل,قتل,قتل,وَكَذَٰلِكَ زَيَّنَ لِكَثِيرٍۢ مِّنَ ٱلْمُشْرِكِينَ قَتْلَ أَوْلَٰدِهِمْ شُرَكَآؤُهُمْ لِيُرْدُوهُمْ وَلِيَلْبِسُوا۟ عَلَيْهِمْ دِينَهُمْ ۖ وَلَوْ شَآءَ ٱللَّهُ مَا فَعَلُوهُ ۖ فَذَرْهُمْ وَمَا يَفْتَرُونَ,وَكَذَٰلِكَ زَيَّنَ لِكَثِيرٍۢ مِّنَ ٱلْمُشْرِكِينَ قَتْلَ أَوْلَٰدِهِمْ شُرَكَآؤُهُمْ لِيُرْدُوهُمْ وَلِيَلْبِسُوا۟ عَلَيْهِمْ دِينَهُمْ ۖ وَلَوْ شَآءَ ٱللَّهُ مَا فَعَلُوهُ ۖ فَذَرْهُمْ وَمَا يَفْتَرُونَ,وكذلك زين لكثير من لمشركين قتل أولدهم شركاؤهم ليردوهم وليلبسوا عليهم دينهم ولو شاء لله ما فعلوه فذرهم وما يفترون
6,140,4,قَتَلُ,قَتَلَ,قتل,قتل,قَدْ خَسِرَ ٱلَّذِينَ قَتَلُوٓا۟ أَوْلَٰدَهُمْ سَفَهًۢا بِغَيْرِ عِلْمٍۢ وَحَرَّمُوا۟ مَا رَزَقَهُمُ ٱللَّهُ ٱفْتِرَآءً عَلَى ٱللَّهِ ۚ قَدْ ضَلُّوا۟ وَمَا كَانُوا۟ مُهْتَدِينَ,قَدْ خَسِرَ ٱلَّذِينَ قَتَلُوٓا۟ أَوْلَٰدَهُمْ سَفَهًۢا بِغَيْرِ عِلْمٍۢ وَحَرَّمُوا۟ مَا رَزَقَهُمُ ٱللَّهُ ٱفْتِرَآءً عَلَى ٱللَّهِ ۚ قَدْ ضَلُّوا۟ وَمَا كَانُوا۟ مُهْتَدِينَ,قد خسر لذين قتلوا أولدهم سفها بغير علم وحرموا ما رزقهم لله فتراء على لله قد ضلوا وما كانوا مهتدين
6,151,15,تَقْتُلُ,قَتَلَ,قتل,قتل,۞ قُلْ تَعَالَوْا۟ أَتْلُ مَا حَرَّمَ رَبُّكُمْ عَلَيْكُمْ ۖ أَلَّا تُشْرِكُوا۟ بِهِۦ شَيْـًۭٔا ۖ وَبِٱلْوَٰلِدَيْنِ إِحْسَٰنًۭا ۖ وَلَا تَقْتُلُوٓا۟ أَوْلَٰدَكُم مِّنْ إِمْلَٰقٍۢ ۖ نَّحْنُ نَرْزُقُكُمْ وَإِيَّاهُمْ ۖ وَلَا تَقْرَبُوا۟ ٱلْفَوَٰحِشَ مَا ظَهَرَ مِنْهَا وَمَا بَطَنَ ۖ وَلَا تَقْتُلُوا۟ ٱلنَّفْسَ ٱلَّتِى حَرَّمَ ٱللَّهُ إِلَّا بِٱلْحَقِّ ۚ ذَٰلِكُمْ وَصَّىٰكُم بِهِۦ لَعَلَّكُمْ تَعْقِلُونَ,۞ قُلْ تَعَالَوْا۟ أَتْلُ مَا حَرَّمَ رَبُّكُمْ عَلَيْكُمْ ۖ أَلَّا تُشْرِكُوا۟ بِهِۦ شَيْـًۭٔا ۖ وَبِٱلْوَٰلِدَيْنِ إِحْسَٰنًۭا ۖ وَلَا تَقْتُلُوٓا۟ أَوْلَٰدَكُم مِّنْ إِمْلَٰقٍۢ ۖ نَّحْنُ نَرْزُقُكُمْ وَإِيَّاهُمْ ۖ وَلَا تَقْرَبُوا۟ ٱلْفَوَٰحِشَ مَا ظَهَرَ مِنْهَا وَمَا بَطَنَ ۖ وَلَا تَقْتُلُوا۟ ٱلنَّفْسَ ٱلَّتِى حَرَّمَ ٱللَّهُ إِلَّا بِٱلْحَقِّ ۚ ذَٰلِكُمْ وَصَّىٰكُم بِهِۦ لَعَلَّكُمْ تَعْقِلُونَ,قل تعالوا أتل ما حرم ربكم عليكم ألا تشركوا به شيـا وبلولدين إحسنا ولا تقتلوا أولدكم من إملق نحن نرزقكم وإياهم ولا تقربوا لفوحش ما ظهر منها وما بطن ولا تقتلوا لنفس لتى حرم لله إلا بلحق ذلكم وصىكم به لعلكم تعقلون
7,127,15,نُقَتِّلُ,س,قتل,قتل,وَقَالَ ٱلْمَلَأُ مِن قَوْمِ فِرْعَوْنَ أَتَذَرُ مُوسَىٰ وَقَوْمَهُۥ لِيُفْسِدُوا۟ فِى ٱلْأَرْضِ وَيَذَرَكَ وَءَالِهَتَكَ ۚ قَالَ سَنُقَتِّلُ أَبْنَآءَهُمْ وَنَسْتَحْىِۦ نِسَآءَهُمْ وَإِنَّا فَوْقَهُمْ قَٰهِرُونَ,وَقَالَ ٱلْمَلَأُ مِن قَوْمِ فِرْعَوْنَ أَتَذَرُ مُوسَىٰ وَقَوْمَهُۥ لِيُفْسِدُوا۟ فِى ٱلْأَرْضِ وَيَذَرَكَ وَءَالِهَتَكَ ۚ قَالَ سَنُقَتِّلُ أَبْنَآءَهُمْ وَنَسْتَحْىِۦ نِسَآءَهُمْ وَإِنَّا فَوْقَهُمْ قَٰهِرُونَ,وقال لملأ من قوم فرعون أتذر موسى وقومه ليفسدوا فى لأرض ويذرك وءالهتك قال سنقتل أبناءهم ونستحى نساءهم وإنا فوقهم قهرون
7,141,9,يُقَتِّلُ,قُتِّلُ,قتل,قتل,وَإِذْ أَنجَيْنَٰكُم مِّنْ ءَالِ فِرْعَوْنَ يَسُومُونَكُمْ سُوٓءَ ٱلْعَذَابِ ۖ يُقَتِّلُونَ أَبْنَآءَكُمْ وَيَسْتَحْيُونَ نِسَآءَكُمْ ۚ وَفِى ذَٰلِكُم بَلَآءٌۭ مِّن رَّبِّكُمْ عَظِيمٌۭ,وَإِذْ أَنجَيْنَٰكُم مِّنْ ءَالِ فِرْعَوْنَ يَسُومُونَكُمْ سُوٓءَ ٱلْعَذَابِ ۖ يُقَتِّلُونَ أَبْنَآءَكُمْ وَيَسْتَحْيُونَ نِسَآءَكُمْ ۚ وَفِى ذَٰلِكُم بَلَآءٌۭ مِّن رَّبِّكُمْ عَظِيمٌۭ,وإذ أنجينكم من ءال فرعون يسومونكم سوء لعذاب يقتلون أبناءكم ويستحيون نساءكم وفى ذلكم بلاء من ربكم عظيم
7,150,30,يَقْتُلُ,قَتَلَ,قتل,قتل,وَلَمَّا رَجَعَ مُوسَىٰٓ إِلَىٰ قَوْمِهِۦ غَضْبَٰنَ أَسِفًۭا قَالَ بِئْسَمَا خَلَفْتُمُونِى مِنۢ بَعْدِىٓ ۖ أَعَجِلْتُمْ أَمْرَ رَبِّكُمْ ۖ وَأَلْقَى ٱلْأَلْوَاحَ وَأَخَذَ بِرَأْسِ أَخِيهِ يَجُرُّهُۥٓ إِلَيْهِ ۚ قَالَ ٱبْنَ أُمَّ إِنَّ ٱلْقَوْمَ ٱسْتَضْعَفُونِى وَكَادُوا۟ يَقْتُلُونَنِى فَلَا تُشْمِتْ بِىَ ٱلْأَعْدَآءَ وَلَا تَجْعَلْنِى مَعَ ٱلْقَوْمِ ٱلظَّٰلِمِينَ,وَلَمَّا رَجَعَ مُوسَىٰٓ إِلَىٰ قَوْمِهِۦ غَضْبَٰنَ أَسِفًۭا قَالَ بِئْسَمَا خَلَفْتُمُونِى مِنۢ بَعْدِىٓ ۖ أَعَجِلْتُمْ أَمْرَ رَبِّكُمْ ۖ وَأَلْقَى ٱلْأَلْوَاحَ وَأَخَذَ بِرَأْسِ أَخِيهِ يَجُرُّهُۥٓ إِلَيْهِ ۚ قَالَ ٱبْنَ أُمَّ إِنَّ ٱلْقَوْمَ ٱسْتَضْعَفُونِى وَكَادُوا۟ يَقْتُلُونَنِى فَلَا تُشْمِتْ بِىَ ٱلْأَعْدَآءَ وَلَا تَجْعَلْنِى مَعَ ٱلْقَوْمِ ٱلظَّٰلِمِينَ,ولما رجع موسى إلى قومه غضبن أسفا قال بئسما خلفتمونى من بعدى أعجلتم أمر ربكم وألقى لألواح وأخذ برأس أخيه يجره إليه قال بن أم إن لقوم ستضعفونى وكادوا يقتلوننى فلا تشمت بى لأعداء ولا تجعلنى مع لقوم لظلمين
8,17,2,تَقْتُلُ,قَتَلَ,قتل,قتل,فَلَمْ تَقْتُلُوهُمْ وَلَٰكِنَّ ٱللَّهَ قَتَلَهُمْ ۚ وَمَا رَمَيْتَ إِذْ رَمَيْتَ وَلَٰكِنَّ ٱللَّهَ رَمَىٰ ۚ وَلِيُبْلِىَ ٱلْمُؤْمِنِينَ مِنْهُ بَلَآءً حَسَنًا ۚ إِنَّ ٱللَّهَ سَمِيعٌ عَلِيمٌۭ,فَلَمْ تَقْتُلُوهُمْ وَلَٰكِنَّ ٱللَّهَ قَتَلَهُمْ ۚ وَمَا رَمَيْتَ إِذْ رَمَيْتَ وَلَٰكِنَّ ٱللَّهَ رَمَىٰ ۚ وَلِيُبْلِىَ ٱلْمُؤْمِنِينَ مِنْهُ بَلَآءً حَسَنًا ۚ إِنَّ ٱللَّهَ سَمِيعٌ عَلِيمٌۭ,فلم تقتلوهم ولكن لله قتلهم وما رميت إذ رميت ولكن لله رمى وليبلى لمؤمنين منه بلاء حسنا إن لله سميع عليم
8,30,8,يَقْتُلُ,قَتَلَ,قتل,قتل,وَإِذْ يَمْكُرُ بِكَ ٱلَّذِينَ كَفَرُوا۟ لِيُثْبِتُوكَ أَوْ يَقْتُلُوكَ أَوْ يُخْرِجُوكَ ۚ وَيَمْكُرُونَ وَيَمْكُرُ ٱللَّهُ ۖ وَٱللَّهُ خَيْرُ ٱلْمَٰكِرِينَ,وَإِذْ يَمْكُرُ بِكَ ٱلَّذِينَ كَفَرُوا۟ لِيُثْبِتُوكَ أَوْ يَقْتُلُوكَ أَوْ يُخْرِجُوكَ ۚ وَيَمْكُرُونَ وَيَمْكُرُ ٱللَّهُ ۖ وَٱللَّهُ خَيْرُ ٱلْمَٰكِرِينَ,وإذ يمكر بك لذين كفروا ليثبتوك أو يقتلوك أو يخرجوك ويمكرون ويمكر لله ولله خير لمكرين
8,39,1,قَٰتِلُ,و,قتل,قتل,وَقَٰتِلُوهُمْ حَتَّىٰ لَا تَكُونَ فِتْنَةٌۭ وَيَكُونَ ٱلدِّينُ كُلُّهُۥ لِلَّهِ ۚ فَإِنِ ٱنتَهَوْا۟ فَإِنَّ ٱللَّهَ بِمَا يَعْمَلُونَ بَصِيرٌۭ,وَقَٰتِلُوهُمْ حَتَّىٰ لَا تَكُونَ فِتْنَةٌۭ وَيَكُونَ ٱلدِّينُ كُلُّهُۥ لِلَّهِ ۚ فَإِنِ ٱنتَهَوْا۟ فَإِنَّ ٱللَّهَ بِمَا يَعْمَلُونَ بَصِيرٌۭ,وقتلوهم حتى لا تكون فتنة ويكون لدين كله لله فإن نتهوا فإن لله بما يعملون بصير
9,5,5,ٱقْتُلُ,ف,قتل,قتل,فَإِذَا ٱنسَلَخَ ٱلْأَشْهُرُ ٱلْحُرُمُ فَٱقْتُلُوا۟ ٱلْمُشْرِكِينَ حَيْثُ وَجَدتُّمُوهُمْ وَخُذُوهُمْ وَٱحْصُرُوهُمْ وَٱقْعُدُوا۟ لَهُمْ كُلَّ مَرْصَدٍۢ ۚ فَإِن تَابُوا۟ وَأَقَامُوا۟ ٱلصَّلَوٰةَ وَءَاتَوُا۟ ٱلزَّكَوٰةَ فَخَلُّوا۟ سَبِيلَهُمْ ۚ إِنَّ ٱللَّهَ غَفُورٌۭ رَّحِيمٌۭ,فَإِذَا ٱنسَلَخَ ٱلْأَشْهُرُ ٱلْحُرُمُ فَٱقْتُلُوا۟ ٱلْمُشْرِكِينَ حَيْثُ وَجَدتُّمُوهُمْ وَخُذُوهُمْ وَٱحْصُرُوهُمْ وَٱقْعُدُوا۟ لَهُمْ كُلَّ مَرْصَدٍۢ ۚ فَإِن تَابُوا۟ وَأَقَامُوا۟ ٱلصَّلَوٰةَ وَءَاتَوُا۟ ٱلزَّكَوٰةَ فَخَلُّوا۟ سَبِيلَهُمْ ۚ إِنَّ ٱللَّهَ غَفُورٌۭ رَّحِيمٌۭ,فإذا نسلخ لأشهر لحرم فقتلوا لمشركين حيث وجدتموهم وخذوهم وحصروهم وقعدوا لهم كل مرصد فإن تابوا وأقاموا لصلوة وءاتوا لزكوة فخلوا سبيلهم إن لله غفور رحيم
9,12,10,قَٰتِلُ,ف,قتل,قتل,وَإِن نَّكَثُوٓا۟ أَيْمَٰنَهُم مِّنۢ بَعْدِ عَهْدِهِمْ وَطَعَنُوا۟ فِى دِينِكُمْ فَقَٰتِلُوٓا۟ أَئِمَّةَ ٱلْكُفْرِ ۙ إِنَّهُمْ لَآ أَيْمَٰنَ لَهُمْ لَعَلَّهُمْ يَنتَهُونَ,وَإِن نَّكَثُوٓا۟ أَيْمَٰنَهُم مِّنۢ بَعْدِ عَهْدِهِمْ وَطَعَنُوا۟ فِى دِينِكُمْ فَقَٰتِلُوٓا۟ أَئِمَّةَ ٱلْكُفْرِ ۙ إِنَّهُمْ لَآ أَيْمَٰنَ لَهُمْ لَعَلَّهُمْ يَنتَهُونَ,وإن نكثوا أيمنهم من بعد عهدهم وطعنوا فى دينكم فقتلوا أئمة لكفر إنهم لا أيمن لهم لعلهم ينتهون
9,13,2,تُقَٰتِلُ,قاتَلَ,قتل,قتل,أَلَا تُقَٰتِلُونَ قَوْمًۭا نَّكَثُوٓا۟ أَيْمَٰنَهُمْ وَهَمُّوا۟ بِإِخْرَاجِ ٱلرَّسُولِ وَهُم بَدَءُوكُمْ أَوَّلَ مَرَّةٍ ۚ أَتَخْشَوْنَهُمْ ۚ فَٱللَّهُ أَحَقُّ أَن تَخْشَوْهُ إِن كُنتُم مُّؤْمِنِينَ,أَلَا تُقَٰتِلُونَ قَوْمًۭا نَّكَثُوٓا۟ أَيْمَٰنَهُمْ وَهَمُّوا۟ بِإِخْرَاجِ ٱلرَّسُولِ وَهُم بَدَءُوكُمْ أَوَّلَ مَرَّةٍ ۚ أَتَخْشَوْنَهُمْ ۚ فَٱللَّهُ أَحَقُّ أَن تَخْشَوْهُ إِن كُنتُم مُّؤْمِنِينَ,ألا تقتلون قوما نكثوا أيمنهم وهموا بإخراج لرسول وهم بدءوكم أول مرة أتخشونهم فلله أحق أن تخشوه إن كنتم مؤمنين
9,14,1,قَٰتِلُ,قاتَلَ,قتل,قتل,قَٰتِلُوهُمْ يُعَذِّبْهُمُ ٱللَّهُ بِأَيْدِيكُمْ وَيُخْزِهِمْ وَيَنصُرْكُمْ عَلَيْهِمْ وَيَشْفِ صُدُورَ قَوْمٍۢ مُّؤْمِنِينَ,قَٰتِلُوهُمْ يُعَذِّبْهُمُ ٱللَّهُ بِأَيْدِيكُمْ وَيُخْزِهِمْ وَيَنصُرْكُمْ عَلَيْهِمْ وَيَشْفِ صُدُورَ قَوْمٍۢ مُّؤْمِنِينَ,قتلوهم يعذبهم لله بأيديكم ويخزهم وينصركم عليهم ويشف صدور قوم مؤمنين
9,29,1,قَٰتِلُ,قاتَلَ,قتل,قتل,قَٰتِلُوا۟ ٱلَّذِينَ لَا يُؤْمِنُونَ بِٱللَّهِ وَلَا بِٱلْيَوْمِ ٱلْءَاخِرِ وَلَا يُحَرِّمُونَ مَا حَرَّمَ ٱللَّهُ وَرَسُولُهُۥ وَلَا يَدِينُونَ دِينَ ٱلْحَقِّ مِنَ ٱلَّذِينَ أُوتُوا۟ ٱلْكِتَٰبَ حَتَّىٰ يُعْطُوا۟ ٱلْجِزْيَةَ عَن يَدٍۢ وَهُمْ صَٰغِرُونَ,قَٰتِلُوا۟ ٱلَّذِينَ لَا يُؤْمِنُونَ بِٱللَّهِ وَلَا بِٱلْيَوْمِ ٱلْءَاخِرِ وَلَا يُحَرِّمُونَ مَا حَرَّمَ ٱللَّهُ وَرَسُولُهُۥ وَلَا يَدِينُونَ دِينَ ٱلْحَقِّ مِنَ ٱلَّذِينَ أُوتُوا۟ ٱلْكِتَٰبَ حَتَّىٰ يُعْطُوا۟ ٱلْجِزْيَةَ عَن يَدٍۢ وَهُمْ صَٰغِرُونَ,قتلوا لذين لا يؤمنون بلله ولا بليوم لءاخر ولا يحرمون ما حرم لله ورسوله ولا يدينون دين لحق من لذين أوتوا لكتب حتى يعطوا لجزية عن يد وهم صغرون
9,30,20,قَٰتَلَ,قاتَلَ,قتل,قتل,وَقَالَتِ ٱلْيَهُودُ عُزَيْرٌ ٱبْنُ ٱللَّهِ وَقَالَتِ ٱلنَّصَٰرَى ٱلْمَسِيحُ ٱبْنُ ٱللَّهِ ۖ ذَٰلِكَ قَوْلُهُم بِأَفْوَٰهِهِمْ ۖ يُضَٰهِـُٔونَ قَوْلَ ٱلَّذِينَ كَفَرُوا۟ مِن قَبْلُ ۚ قَٰتَلَهُمُ ٱللَّهُ ۚ أَنَّىٰ يُؤْفَكُونَ,وَقَالَتِ ٱلْيَهُودُ عُزَيْرٌ ٱبْنُ ٱللَّهِ وَقَالَتِ ٱلنَّصَٰرَى ٱلْمَسِيحُ ٱبْنُ ٱللَّهِ ۖ ذَٰلِكَ قَوْلُهُم بِأَفْوَٰهِهِمْ ۖ يُضَٰهِـُٔونَ قَوْلَ ٱلَّذِينَ كَفَرُوا۟ مِن قَبْلُ ۚ قَٰتَلَهُمُ ٱللَّهُ ۚ أَنَّىٰ يُؤْفَكُونَ,وقالت ليهود عزير بن لله وقالت لنصرى لمسيح بن لله ذلك قولهم بأفوههم يضهـون قول لذين كفروا من قبل قتلهم لله أنى يؤفكون
9,36,26,قَٰتِلُ,و,قتل,قتل,إِنَّ عِدَّةَ ٱلشُّهُورِ عِندَ ٱللَّهِ ٱثْنَا عَشَرَ شَهْرًۭا فِى كِتَٰبِ ٱللَّهِ يَوْمَ خَلَقَ ٱلسَّمَٰوَٰتِ وَٱلْأَرْضَ مِنْهَآ أَرْبَعَةٌ حُرُمٌۭ ۚ ذَٰلِكَ ٱلدِّينُ ٱلْقَيِّمُ ۚ فَلَا تَظْلِمُوا۟ فِيهِنَّ أَنفُسَكُمْ ۚ وَقَٰتِلُوا۟ ٱلْمُشْرِكِينَ كَآفَّةًۭ كَمَا يُقَٰتِلُونَكُمْ كَآفَّةًۭ ۚ وَٱعْلَمُوٓا۟ أَنَّ ٱللَّهَ مَعَ ٱلْمُتَّقِينَ,إِنَّ عِدَّةَ ٱلشُّهُورِ عِندَ ٱللَّهِ ٱثْنَا عَشَرَ شَهْرًۭا فِى كِتَٰبِ ٱللَّهِ يَوْمَ خَلَقَ ٱلسَّمَٰوَٰتِ وَٱلْأَرْضَ مِنْهَآ أَرْبَعَةٌ حُرُمٌۭ ۚ ذَٰلِكَ ٱلدِّينُ ٱلْقَيِّمُ ۚ فَلَا تَظْلِمُوا۟ فِيهِنَّ أَنفُسَكُمْ ۚ وَقَٰتِلُوا۟ ٱلْمُشْرِكِينَ كَآفَّةًۭ كَمَا يُقَٰتِلُونَكُمْ كَآفَّةًۭ ۚ وَٱعْلَمُوٓا۟ أَنَّ ٱللَّهَ مَعَ ٱلْمُتَّقِينَ,إن عدة لشهور عند لله ثنا عشر شهرا فى كتب لله يوم خلق لسموت ولأرض منها أربعة حرم ذلك لدين لقيم فلا تظلموا فيهن أنفسكم وقتلوا لمشركين كافة كما يقتلونكم كافة وعلموا أن لله مع لمتقين
9,83,15,تُقَٰتِلُ,قاتَلَ,قتل,قتل,فَإِن رَّجَعَكَ ٱللَّهُ إِلَىٰ طَآئِفَةٍۢ مِّنْهُمْ فَٱسْتَـْٔذَنُوكَ لِلْخُرُوجِ فَقُل لَّن تَخْرُجُوا۟ مَعِىَ أَبَدًۭا وَلَن تُقَٰتِلُوا۟ مَعِىَ عَدُوًّا ۖ إِنَّكُمْ رَضِيتُم بِٱلْقُعُودِ أَوَّلَ مَرَّةٍۢ فَٱقْعُدُوا۟ مَعَ ٱلْخَٰلِفِينَ,فَإِن رَّجَعَكَ ٱللَّهُ إِلَىٰ طَآئِفَةٍۢ مِّنْهُمْ فَٱسْتَـْٔذَنُوكَ لِلْخُرُوجِ فَقُل لَّن تَخْرُجُوا۟ مَعِىَ أَبَدًۭا وَلَن تُقَٰتِلُوا۟ مَعِىَ عَدُوًّا ۖ إِنَّكُمْ رَضِيتُم بِٱلْقُعُودِ أَوَّلَ مَرَّةٍۢ فَٱقْعُدُوا۟ مَعَ ٱلْخَٰلِفِينَ,فإن رجعك لله إلى طائفة منهم فستـذنوك للخروج فقل لن تخرجوا معى أبدا ولن تقتلوا معى عدوا إنكم رضيتم بلقعود أول مرة فقعدوا مع لخلفين
9,111,11,يُقَٰتِلُ,قاتَلَ,قتل,قتل,۞ إِنَّ ٱللَّهَ ٱشْتَرَىٰ مِنَ ٱلْمُؤْمِنِينَ أَنفُسَهُمْ وَأَمْوَٰلَهُم بِأَنَّ لَهُمُ ٱلْجَنَّةَ ۚ يُقَٰتِلُونَ فِى سَبِيلِ ٱللَّهِ فَيَقْتُلُونَ وَيُقْتَلُونَ ۖ وَعْدًا عَلَيْهِ حَقًّۭا فِى ٱلتَّوْرَىٰةِ وَٱلْإِنجِيلِ وَٱلْقُرْءَانِ ۚ وَمَنْ أَوْفَىٰ بِعَهْدِهِۦ مِنَ ٱللَّهِ ۚ فَٱسْتَبْشِرُوا۟ بِبَيْعِكُمُ ٱلَّذِى بَايَعْتُم بِهِۦ ۚ وَذَٰلِكَ هُوَ ٱلْفَوْزُ ٱلْعَظِيمُ,۞ إِنَّ ٱللَّهَ ٱشْتَرَىٰ مِنَ ٱلْمُؤْمِنِينَ أَنفُسَهُمْ وَأَمْوَٰلَهُم بِأَنَّ لَهُمُ ٱلْجَنَّةَ ۚ يُقَٰتِلُونَ فِى سَبِيلِ ٱللَّهِ فَيَقْتُلُونَ وَيُقْتَلُونَ ۖ وَعْدًا عَلَيْهِ حَقًّۭا فِى ٱلتَّوْرَىٰةِ وَٱلْإِنجِيلِ وَٱلْقُرْءَانِ ۚ وَمَنْ أَوْفَىٰ بِعَهْدِهِۦ مِنَ ٱللَّهِ ۚ فَٱسْتَبْشِرُوا۟ بِبَيْعِكُمُ ٱلَّذِى بَايَعْتُم بِهِۦ ۚ وَذَٰلِكَ هُوَ ٱلْفَوْزُ ٱلْعَظِيمُ,إن لله شترى من لمؤمنين أنفسهم وأمولهم بأن لهم لجنة يقتلون فى سبيل لله فيقتلون ويقتلون وعدا عليه حقا فى لتورىة ولإنجيل ولقرءان ومن أوفى بعهده من لله فستبشروا ببيعكم لذى بايعتم به وذلك هو لفوز لعظيم
9,123,4,قَٰتِلُ,قاتَلَ,قتل,قتل,يَٰٓأَيُّهَا ٱلَّذِينَ ءَامَنُوا۟ قَٰتِلُوا۟ ٱلَّذِينَ يَلُونَكُم مِّنَ ٱلْكُفَّارِ وَلْيَجِدُوا۟ فِيكُمْ غِلْظَةًۭ ۚ وَٱعْلَمُوٓا۟ أَنَّ ٱللَّهَ مَعَ ٱلْمُتَّقِينَ,يَٰٓأَيُّهَا ٱلَّذِينَ ءَامَنُوا۟ قَٰتِلُوا۟ ٱلَّذِينَ يَلُونَكُم مِّنَ ٱلْكُفَّارِ وَلْيَجِدُوا۟ فِيكُمْ غِلْظَةًۭ ۚ وَٱعْلَمُوٓا۟ أَنَّ ٱللَّهَ مَعَ ٱلْمُتَّقِينَ,يأيها لذين ءامنوا قتلوا لذين يلونكم من لكفار وليجدوا فيكم غلظة وعلموا أن لله مع لمتقين
12,9,1,ٱقْتُلُ,قَتَلَ,قتل,قتل,ٱقْتُلُوا۟ يُوسُفَ أَوِ ٱطْرَحُوهُ أَرْضًۭا يَخْلُ لَكُمْ وَجْهُ أَبِيكُمْ وَتَكُونُوا۟ مِنۢ بَعْدِهِۦ قَوْمًۭا صَٰلِحِينَ,ٱقْتُلُوا۟ يُوسُفَ أَوِ ٱطْرَحُوهُ أَرْضًۭا يَخْلُ لَكُمْ وَجْهُ أَبِيكُمْ وَتَكُونُوا۟ مِنۢ بَعْدِهِۦ قَوْمًۭا صَٰلِحِينَ,قتلوا يوسف أو طرحوه أرضا يخل لكم وجه أبيكم وتكونوا من بعده قوما صلحين
12,10,5,تَقْتُلُ,قَتَلَ,قتل,قتل,قَالَ قَآئِلٌۭ مِّنْهُمْ لَا تَقْتُلُوا۟ يُوسُفَ وَأَلْقُوهُ فِى غَيَٰبَتِ ٱلْجُبِّ يَلْتَقِطْهُ بَعْضُ ٱلسَّيَّارَةِ إِن كُنتُمْ فَٰعِلِينَ,قَالَ قَآئِلٌۭ مِّنْهُمْ لَا تَقْتُلُوا۟ يُوسُفَ وَأَلْقُوهُ فِى غَيَٰبَتِ ٱلْجُبِّ يَلْتَقِطْهُ بَعْضُ ٱلسَّيَّارَةِ إِن كُنتُمْ فَٰعِلِينَ,قال قائل منهم لا تقتلوا يوسف وألقوه فى غيبت لجب يلتقطه بعض لسيارة إن كنتم فعلين
17,31,2,تَقْتُلُ,قَتَلَ,قتل,قتل,وَلَا تَقْتُلُوٓا۟ أَوْلَٰدَكُمْ خَشْيَةَ إِمْلَٰقٍۢ ۖ نَّحْنُ نَرْزُقُهُمْ وَإِيَّاكُمْ ۚ إِنَّ قَتْلَهُمْ كَانَ خِطْـًۭٔا كَبِيرًۭا,وَلَا تَقْتُلُوٓا۟ أَوْلَٰدَكُمْ خَشْيَةَ إِمْلَٰقٍۢ ۖ نَّحْنُ نَرْزُقُهُمْ وَإِيَّاكُمْ ۚ إِنَّ قَتْلَهُمْ كَانَ خِطْـًۭٔا كَبِيرًۭا,ولا تقتلوا أولدكم خشية إملق نحن نرزقهم وإياكم إن قتلهم كان خطـا كبيرا
17,33,2,تَقْتُلُ,قَتَلَ,قتل,قتل,وَلَا تَقْتُلُوا۟ ٱلنَّفْسَ ٱلَّتِى حَرَّمَ ٱللَّهُ إِلَّا بِٱلْحَقِّ ۗ وَمَن قُتِلَ مَظْلُومًۭا فَقَدْ جَعَلْنَا لِوَلِيِّهِۦ سُلْطَٰنًۭا فَلَا يُسْرِف فِّى ٱلْقَتْلِ ۖ إِنَّهُۥ كَانَ مَنصُورًۭا,وَلَا تَقْتُلُوا۟ ٱلنَّفْسَ ٱلَّتِى حَرَّمَ ٱللَّهُ إِلَّا بِٱلْحَقِّ ۗ وَمَن قُتِلَ مَظْلُومًۭا فَقَدْ جَعَلْنَا لِوَلِيِّهِۦ سُلْطَٰنًۭا فَلَا يُسْرِف فِّى ٱلْقَتْلِ ۖ إِنَّهُۥ كَانَ مَنصُورًۭا,ولا تقتلوا لنفس لتى حرم لله إلا بلحق ومن قتل مظلوما فقد جعلنا لوليه سلطنا فلا يسرف فى لقتل إنه كان منصورا
18,74,6,قَتَلَ,ف,قتل,قتل,فَٱنطَلَقَا حَتَّىٰٓ إِذَا لَقِيَا غُلَٰمًۭا فَقَتَلَهُۥ قَالَ أَقَتَلْتَ نَفْسًۭا زَكِيَّةًۢ بِغَيْرِ نَفْسٍۢ لَّقَدْ جِئْتَ شَيْـًۭٔا نُّكْرًۭا,فَٱنطَلَقَا حَتَّىٰٓ إِذَا لَقِيَا غُلَٰمًۭا فَقَتَلَهُۥ قَالَ أَقَتَلْتَ نَفْسًۭا زَكِيَّةًۢ بِغَيْرِ نَفْسٍۢ لَّقَدْ جِئْتَ شَيْـًۭٔا نُّكْرًۭا,فنطلقا حتى إذا لقيا غلما فقتله قال أقتلت نفسا زكية بغير نفس لقد جئت شيـا نكرا
20,40,18,قَتَلْ,و,قتل,قتل,إِذْ تَمْشِىٓ أُخْتُكَ فَتَقُولُ هَلْ أَدُلُّكُمْ عَلَىٰ مَن يَكْفُلُهُۥ ۖ فَرَجَعْنَٰكَ إِلَىٰٓ أُمِّكَ كَىْ تَقَرَّ عَيْنُهَا وَلَا تَحْزَنَ ۚ وَقَتَلْتَ نَفْسًۭا فَنَجَّيْنَٰكَ مِنَ ٱلْغَمِّ وَفَتَنَّٰكَ فُتُونًۭا ۚ فَلَبِثْتَ سِنِينَ فِىٓ أَهْلِ مَدْيَنَ ثُمَّ جِئْتَ عَلَىٰ قَدَرٍۢ يَٰمُوسَىٰ,إِذْ تَمْشِىٓ أُخْتُكَ فَتَقُولُ هَلْ أَدُلُّكُمْ عَلَىٰ مَن يَكْفُلُهُۥ ۖ فَرَجَعْنَٰكَ إِلَىٰٓ أُمِّكَ كَىْ تَقَرَّ عَيْنُهَا وَلَا تَحْزَنَ ۚ وَقَتَلْتَ نَفْسًۭا فَنَجَّيْنَٰكَ مِنَ ٱلْغَمِّ وَفَتَنَّٰكَ فُتُونًۭا ۚ فَلَبِثْتَ سِنِينَ فِىٓ أَهْلِ مَدْيَنَ ثُمَّ جِئْتَ عَلَىٰ قَدَرٍۢ يَٰمُوسَىٰ,إذ تمشى أختك فتقول هل أدلكم على من يكفله فرجعنك إلى أمك كى تقر عينها ولا تحزن وقتلت نفسا فنجينك من لغم وفتنك فتونا فلبثت سنين فى أهل مدين ثم جئت على قدر يموسى
22,39,3,يُقَٰتَلُ,قاتَلَ,قتل,قتل,أُذِنَ لِلَّذِينَ يُقَٰتَلُونَ بِأَنَّهُمْ ظُلِمُوا۟ ۚ وَإِنَّ ٱللَّهَ عَلَىٰ نَصْرِهِمْ لَقَدِيرٌ,أُذِنَ لِلَّذِينَ يُقَٰتَلُونَ بِأَنَّهُمْ ظُلِمُوا۟ ۚ وَإِنَّ ٱللَّهَ عَلَىٰ نَصْرِهِمْ لَقَدِيرٌ,أذن للذين يقتلون بأنهم ظلموا وإن لله على نصرهم لقدير
22,58,7,قُتِلُ,قَتَلَ,قتل,قتل,وَٱلَّذِينَ هَاجَرُوا۟ فِى سَبِيلِ ٱللَّهِ ثُمَّ قُتِلُوٓا۟ أَوْ مَاتُوا۟ لَيَرْزُقَنَّهُمُ ٱللَّهُ رِزْقًا حَسَنًۭا ۚ وَإِنَّ ٱللَّهَ لَهُوَ خَيْرُ ٱلرَّٰزِقِينَ,وَٱلَّذِينَ هَاجَرُوا۟ فِى سَبِيلِ ٱللَّهِ ثُمَّ قُتِلُوٓا۟ أَوْ مَاتُوا۟ لَيَرْزُقَنَّهُمُ ٱللَّهُ رِزْقًا حَسَنًۭا ۚ وَإِنَّ ٱللَّهَ لَهُوَ خَيْرُ ٱلرَّٰزِقِينَ,ولذين هاجروا فى سبيل لله ثم قتلوا أو ماتوا ليرزقنهم لله رزقا حسنا وإن لله لهو خير لرزقين
25,68,9,يَقْتُلُ,قَتَلَ,قتل,قتل,وَٱلَّذِينَ لَا يَدْعُونَ مَعَ ٱللَّهِ إِلَٰهًا ءَاخَرَ وَلَا يَقْتُلُونَ ٱلنَّفْسَ ٱلَّتِى حَرَّمَ ٱللَّهُ إِلَّا بِٱلْحَقِّ وَلَا يَزْنُونَ ۚ وَمَن يَفْعَلْ ذَٰلِكَ يَلْقَ أَثَامًۭا,وَٱلَّذِينَ لَا يَدْعُونَ مَعَ ٱللَّهِ إِلَٰهًا ءَاخَرَ وَلَا يَقْتُلُونَ ٱلنَّفْسَ ٱلَّتِى حَرَّمَ ٱللَّهُ إِلَّا بِٱلْحَقِّ وَلَا يَزْنُونَ ۚ وَمَن يَفْعَلْ ذَٰلِكَ يَلْقَ أَثَامًۭا,ولذين لا يدعون مع لله إلها ءاخر ولا يقتلون لنفس لتى حرم لله إلا بلحق ولا يزنون ومن يفعل ذلك يلق أثاما
26,14,6,يَقْتُلُ,قَتَلَ,قتل,قتل,وَلَهُمْ عَلَىَّ ذَنۢبٌۭ فَأَخَافُ أَن يَقْتُلُونِ,وَلَهُمْ عَلَىَّ ذَنۢبٌۭ فَأَخَافُ أَن يَقْتُلُونِ,ولهم على ذنب فأخاف أن يقتلون
28,9,9,تَقْتُلُ,قَتَلَ,قتل,قتل,وَقَالَتِ ٱمْرَأَتُ فِرْعَوْنَ قُرَّتُ عَيْنٍۢ لِّى وَلَكَ ۖ لَا تَقْتُلُوهُ عَسَىٰٓ أَن يَنفَعَنَآ أَوْ نَتَّخِذَهُۥ وَلَدًۭا وَهُمْ لَا يَشْعُرُونَ,وَقَالَتِ ٱمْرَأَتُ فِرْعَوْنَ قُرَّتُ عَيْنٍۢ لِّى وَلَكَ ۖ لَا تَقْتُلُوهُ عَسَىٰٓ أَن يَنفَعَنَآ أَوْ نَتَّخِذَهُۥ وَلَدًۭا وَهُمْ لَا يَشْعُرُونَ,وقالت مرأت فرعون قرت عين لى ولك لا تقتلوه عسى أن ينفعنا أو نتخذه ولدا وهم لا يشعرون
28,15,11,يَقْتَتِلَ,اقْتَتَلَ,قتل,قتل,وَدَخَلَ ٱلْمَدِينَةَ عَلَىٰ حِينِ غَفْلَةٍۢ مِّنْ أَهْلِهَا فَوَجَدَ فِيهَا رَجُلَيْنِ يَقْتَتِلَانِ هَٰذَا مِن شِيعَتِهِۦ وَهَٰذَا مِنْ عَدُوِّهِۦ ۖ فَٱسْتَغَٰثَهُ ٱلَّذِى مِن شِيعَتِهِۦ عَلَى ٱلَّذِى مِنْ عَدُوِّهِۦ فَوَكَزَهُۥ مُوسَىٰ فَقَضَىٰ عَلَيْهِ ۖ قَالَ هَٰذَا مِنْ عَمَلِ ٱلشَّيْطَٰنِ ۖ إِنَّهُۥ عَدُوٌّۭ مُّضِلٌّۭ مُّبِينٌۭ,وَدَخَلَ ٱلْمَدِينَةَ عَلَىٰ حِينِ غَفْلَةٍۢ مِّنْ أَهْلِهَا فَوَجَدَ فِيهَا رَجُلَيْنِ يَقْتَتِلَانِ هَٰذَا مِن شِيعَتِهِۦ وَهَٰذَا مِنْ عَدُوِّهِۦ ۖ فَٱسْتَغَٰثَهُ ٱلَّذِى مِن شِيعَتِهِۦ عَلَى ٱلَّذِى مِنْ عَدُوِّهِۦ فَوَكَزَهُۥ مُوسَىٰ فَقَضَىٰ عَلَيْهِ ۖ قَالَ هَٰذَا مِنْ عَمَلِ ٱلشَّيْطَٰنِ ۖ إِنَّهُۥ عَدُوٌّۭ مُّضِلٌّۭ مُّبِينٌۭ,ودخل لمدينة على حين غفلة من أهلها فوجد فيها رجلين يقتتلان هذا من شيعته وهذا من عدوه فستغثه لذى من شيعته على لذى من عدوه فوكزه موسى فقضى عليه قال هذا من عمل لشيطن إنه عدو مضل مبين
28,19,14,تَقْتُلَ,قَتَلَ,قتل,قتل,فَلَمَّآ أَنْ أَرَادَ أَن يَبْطِشَ بِٱلَّذِى هُوَ عَدُوٌّۭ لَّهُمَا قَالَ يَٰمُوسَىٰٓ أَتُرِيدُ أَن تَقْتُلَنِى كَمَا قَتَلْتَ نَفْسًۢا بِٱلْأَمْسِ ۖ إِن تُرِيدُ إِلَّآ أَن تَكُونَ جَبَّارًۭا فِى ٱلْأَرْضِ وَمَا تُرِيدُ أَن تَكُونَ مِنَ ٱلْمُصْلِحِينَ,فَلَمَّآ أَنْ أَرَادَ أَن يَبْطِشَ بِٱلَّذِى هُوَ عَدُوٌّۭ لَّهُمَا قَالَ يَٰمُوسَىٰٓ أَتُرِيدُ أَن تَقْتُلَنِى كَمَا قَتَلْتَ نَفْسًۢا بِٱلْأَمْسِ ۖ إِن تُرِيدُ إِلَّآ أَن تَكُونَ جَبَّارًۭا فِى ٱلْأَرْضِ وَمَا تُرِيدُ أَن تَكُونَ مِنَ ٱلْمُصْلِحِينَ,فلما أن أراد أن يبطش بلذى هو عدو لهما قال يموسى أتريد أن تقتلنى كما قتلت نفسا بلأمس إن تريد إلا أن تكون جبارا فى لأرض وما تريد أن تكون من لمصلحين
28,20,13,يَقْتُلُ,ل,قتل,قتل,وَجَآءَ رَجُلٌۭ مِّنْ أَقْصَا ٱلْمَدِينَةِ يَسْعَىٰ قَالَ يَٰمُوسَىٰٓ إِنَّ ٱلْمَلَأَ يَأْتَمِرُونَ بِكَ لِيَقْتُلُوكَ فَٱخْرُجْ إِنِّى لَكَ مِنَ ٱلنَّٰصِحِينَ,وَجَآءَ رَجُلٌۭ مِّنْ أَقْصَا ٱلْمَدِينَةِ يَسْعَىٰ قَالَ يَٰمُوسَىٰٓ إِنَّ ٱلْمَلَأَ يَأْتَمِرُونَ بِكَ لِيَقْتُلُوكَ فَٱخْرُجْ إِنِّى لَكَ مِنَ ٱلنَّٰصِحِينَ,وجاء رجل من أقصا لمدينة يسعى قال يموسى إن لملأ يأتمرون بك ليقتلوك فخرج إنى لك من لنصحين
28,33,4,قَتَلْ,قَتَلَ,قتل,قتل,قَالَ رَبِّ إِنِّى قَتَلْتُ مِنْهُمْ نَفْسًۭا فَأَخَافُ أَن يَقْتُلُونِ,قَالَ رَبِّ إِنِّى قَتَلْتُ مِنْهُمْ نَفْسًۭا فَأَخَافُ أَن يَقْتُلُونِ,قال رب إنى قتلت منهم نفسا فأخاف أن يقتلون
29,24,8,ٱقْتُلُ,قَتَلَ,قتل,قتل,فَمَا كَانَ جَوَابَ قَوْمِهِۦٓ إِلَّآ أَن قَالُوا۟ ٱقْتُلُوهُ أَوْ حَرِّقُوهُ فَأَنجَىٰهُ ٱللَّهُ مِنَ ٱلنَّارِ ۚ إِنَّ فِى ذَٰلِكَ لَءَايَٰتٍۢ لِّقَوْمٍۢ يُؤْمِنُونَ,فَمَا كَانَ جَوَابَ قَوْمِهِۦٓ إِلَّآ أَن قَالُوا۟ ٱقْتُلُوهُ أَوْ حَرِّقُوهُ فَأَنجَىٰهُ ٱللَّهُ مِنَ ٱلنَّارِ ۚ إِنَّ فِى ذَٰلِكَ لَءَايَٰتٍۢ لِّقَوْمٍۢ يُؤْمِنُونَ,فما كان جواب قومه إلا أن قالوا قتلوه أو حرقوه فأنجىه لله من لنار إن فى ذلك لءايت لقوم يؤمنون
33,16,10,قَتْلِ,ال,قتل,قتل,قُل لَّن يَنفَعَكُمُ ٱلْفِرَارُ إِن فَرَرْتُم مِّنَ ٱلْمَوْتِ أَوِ ٱلْقَتْلِ وَإِذًۭا لَّا تُمَتَّعُونَ إِلَّا قَلِيلًۭا,قُل لَّن يَنفَعَكُمُ ٱلْفِرَارُ إِن فَرَرْتُم مِّنَ ٱلْمَوْتِ أَوِ ٱلْقَتْلِ وَإِذًۭا لَّا تُمَتَّعُونَ إِلَّا قَلِيلًۭا,قل لن ينفعكم لفرار إن فررتم من لموت أو لقتل وإذا لا تمتعون إلا قليلا
33,20,21,قَٰتَلُ,قاتَلَ,قتل,قتل,يَحْسَبُونَ ٱلْأَحْزَابَ لَمْ يَذْهَبُوا۟ ۖ وَإِن يَأْتِ ٱلْأَحْزَابُ يَوَدُّوا۟ لَوْ أَنَّهُم بَادُونَ فِى ٱلْأَعْرَابِ يَسْـَٔلُونَ عَنْ أَنۢبَآئِكُمْ ۖ وَلَوْ كَانُوا۟ فِيكُم مَّا قَٰتَلُوٓا۟ إِلَّا قَلِيلًۭا,يَحْسَبُونَ ٱلْأَحْزَابَ لَمْ يَذْهَبُوا۟ ۖ وَإِن يَأْتِ ٱلْأَحْزَابُ يَوَدُّوا۟ لَوْ أَنَّهُم بَادُونَ فِى ٱلْأَعْرَابِ يَسْـَٔلُونَ عَنْ أَنۢبَآئِكُمْ ۖ وَلَوْ كَانُوا۟ فِيكُم مَّا قَٰتَلُوٓا۟ إِلَّا قَلِيلًۭا,يحسبون لأحزاب لم يذهبوا وإن يأت لأحزاب يودوا لو أنهم بادون فى لأعراب يسـلون عن أنبائكم ولو كانوا فيكم ما قتلوا إلا قليلا
33,26,14,تَقْتُلُ,قَتَلَ,قتل,قتل,وَأَنزَلَ ٱلَّذِينَ ظَٰهَرُوهُم مِّنْ أَهْلِ ٱلْكِتَٰبِ مِن صَيَاصِيهِمْ وَقَذَفَ فِى قُلُوبِهِمُ ٱلرُّعْبَ فَرِيقًۭا تَقْتُلُونَ وَتَأْسِرُونَ فَرِيقًۭا,وَأَنزَلَ ٱلَّذِينَ ظَٰهَرُوهُم مِّنْ أَهْلِ ٱلْكِتَٰبِ مِن صَيَاصِيهِمْ وَقَذَفَ فِى قُلُوبِهِمُ ٱلرُّعْبَ فَرِيقًۭا تَقْتُلُونَ وَتَأْسِرُونَ فَرِيقًۭا,وأنزل لذين ظهروهم من أهل لكتب من صياصيهم وقذف فى قلوبهم لرعب فريقا تقتلون وتأسرون فريقا
33,61,5,قُتِّلُ,و,قتل,قتل,مَّلْعُونِينَ ۖ أَيْنَمَا ثُقِفُوٓا۟ أُخِذُوا۟ وَقُتِّلُوا۟ تَقْتِيلًۭا,مَّلْعُونِينَ ۖ أَيْنَمَا ثُقِفُوٓا۟ أُخِذُوا۟ وَقُتِّلُوا۟ تَقْتِيلًۭا,ملعونين أينما ثقفوا أخذوا وقتلوا تقتيلا
40,25,7,ٱقْتُلُ,قَتَلَ,قتل,قتل,فَلَمَّا جَآءَهُم بِٱلْحَقِّ مِنْ عِندِنَا قَالُوا۟ ٱقْتُلُوٓا۟ أَبْنَآءَ ٱلَّذِينَ ءَامَنُوا۟ مَعَهُۥ وَٱسْتَحْيُوا۟ نِسَآءَهُمْ ۚ وَمَا كَيْدُ ٱلْكَٰفِرِينَ إِلَّا فِى ضَلَٰلٍۢ,فَلَمَّا جَآءَهُم بِٱلْحَقِّ مِنْ عِندِنَا قَالُوا۟ ٱقْتُلُوٓا۟ أَبْنَآءَ ٱلَّذِينَ ءَامَنُوا۟ مَعَهُۥ وَٱسْتَحْيُوا۟ نِسَآءَهُمْ ۚ وَمَا كَيْدُ ٱلْكَٰفِرِينَ إِلَّا فِى ضَلَٰلٍۢ,فلما جاءهم بلحق من عندنا قالوا قتلوا أبناء لذين ءامنوا معه وستحيوا نساءهم وما كيد لكفرين إلا فى ضلل
40,26,4,أَقْتُلْ,قَتَلَ,قتل,قتل,وَقَالَ فِرْعَوْنُ ذَرُونِىٓ أَقْتُلْ مُوسَىٰ وَلْيَدْعُ رَبَّهُۥٓ ۖ إِنِّىٓ أَخَافُ أَن يُبَدِّلَ دِينَكُمْ أَوْ أَن يُظْهِرَ فِى ٱلْأَرْضِ ٱلْفَسَادَ,وَقَالَ فِرْعَوْنُ ذَرُونِىٓ أَقْتُلْ مُوسَىٰ وَلْيَدْعُ رَبَّهُۥٓ ۖ إِنِّىٓ أَخَافُ أَن يُبَدِّلَ دِينَكُمْ أَوْ أَن يُظْهِرَ فِى ٱلْأَرْضِ ٱلْفَسَادَ,وقال فرعون ذرونى أقتل موسى وليدع ربه إنى أخاف أن يبدل دينكم أو أن يظهر فى لأرض لفساد
40,28,9,تَقْتُلُ,أ,قتل,قتل,وَقَالَ رَجُلٌۭ مُّؤْمِنٌۭ مِّنْ ءَالِ فِرْعَوْنَ يَكْتُمُ إِيمَٰنَهُۥٓ أَتَقْتُلُونَ رَجُلًا أَن يَقُولَ رَبِّىَ ٱللَّهُ وَقَدْ جَآءَكُم بِٱلْبَيِّنَٰتِ مِن رَّبِّكُمْ ۖ وَإِن يَكُ كَٰذِبًۭا فَعَلَيْهِ كَذِبُهُۥ ۖ وَإِن يَكُ صَادِقًۭا يُصِبْكُم بَعْضُ ٱلَّذِى يَعِدُكُمْ ۖ إِنَّ ٱللَّهَ لَا يَهْدِى مَنْ هُوَ مُسْرِفٌۭ كَذَّابٌۭ,وَقَالَ رَجُلٌۭ مُّؤْمِنٌۭ مِّنْ ءَالِ فِرْعَوْنَ يَكْتُمُ إِيمَٰنَهُۥٓ أَتَقْتُلُونَ رَجُلًا أَن يَقُولَ رَبِّىَ ٱللَّهُ وَقَدْ جَآءَكُم بِٱلْبَيِّنَٰتِ مِن رَّبِّكُمْ ۖ وَإِن يَكُ كَٰذِبًۭا فَعَلَيْهِ كَذِبُهُۥ ۖ وَإِن يَكُ صَادِقًۭا يُصِبْكُم بَعْضُ ٱلَّذِى يَعِدُكُمْ ۖ إِنَّ ٱللَّهَ لَا يَهْدِى مَنْ هُوَ مُسْرِفٌۭ كَذَّابٌۭ,وقال رجل مؤمن من ءال فرعون يكتم إيمنه أتقتلون رجلا أن يقول ربى لله وقد جاءكم بلبينت من ربكم وإن يك كذبا فعليه كذبه وإن يك صادقا يصبكم بعض لذى يعدكم إن لله لا يهدى من هو مسرف كذاب
47,4,32,قُتِلُ,قَتَلَ,قتل,قتل,فَإِذَا لَقِيتُمُ ٱلَّذِينَ كَفَرُوا۟ فَضَرْبَ ٱلرِّقَابِ حَتَّىٰٓ إِذَآ أَثْخَنتُمُوهُمْ فَشُدُّوا۟ ٱلْوَثَاقَ فَإِمَّا مَنًّۢا بَعْدُ وَإِمَّا فِدَآءً حَتَّىٰ تَضَعَ ٱلْحَرْبُ أَوْزَارَهَا ۚ ذَٰلِكَ وَلَوْ يَشَآءُ ٱللَّهُ لَٱنتَصَرَ مِنْهُمْ وَلَٰكِن لِّيَبْلُوَا۟ بَعْضَكُم بِبَعْضٍۢ ۗ وَٱلَّذِينَ قُتِلُوا۟ فِى سَبِيلِ ٱللَّهِ فَلَن يُضِلَّ أَعْمَٰلَهُمْ,فَإِذَا لَقِيتُمُ ٱلَّذِينَ كَفَرُوا۟ فَضَرْبَ ٱلرِّقَابِ حَتَّىٰٓ إِذَآ أَثْخَنتُمُوهُمْ فَشُدُّوا۟ ٱلْوَثَاقَ فَإِمَّا مَنًّۢا بَعْدُ وَإِمَّا فِدَآءً حَتَّىٰ تَضَعَ ٱلْحَرْبُ أَوْزَارَهَا ۚ ذَٰلِكَ وَلَوْ يَشَآءُ ٱللَّهُ لَٱنتَصَرَ مِنْهُمْ وَلَٰكِن لِّيَبْلُوَا۟ بَعْضَكُم بِبَعْضٍۢ ۗ وَٱلَّذِينَ قُتِلُوا۟ فِى سَبِيلِ ٱللَّهِ فَلَن يُضِلَّ أَعْمَٰلَهُمْ,فإذا لقيتم لذين كفروا فضرب لرقاب حتى إذا أثخنتموهم فشدوا لوثاق فإما منا بعد وإما فداء حتى تضع لحرب أوزارها ذلك ولو يشاء لله لنتصر منهم ولكن ليبلوا بعضكم ببعض ولذين قتلوا فى سبيل لله فلن يضل أعملهم
48,16,11,تُقَٰتِلُ,قاتَلَ,قتل,قتل,قُل لِّلْمُخَلَّفِينَ مِنَ ٱلْأَعْرَابِ سَتُدْعَوْنَ إِلَىٰ قَوْمٍ أُو۟لِى بَأْسٍۢ شَدِيدٍۢ تُقَٰتِلُونَهُمْ أَوْ يُسْلِمُونَ ۖ فَإِن تُطِيعُوا۟ يُؤْتِكُمُ ٱللَّهُ أَجْرًا حَسَنًۭا ۖ وَإِن تَتَوَلَّوْا۟ كَمَا تَوَلَّيْتُم مِّن قَبْلُ يُعَذِّبْكُمْ عَذَابًا أَلِيمًۭا,قُل لِّلْمُخَلَّفِينَ مِنَ ٱلْأَعْرَابِ سَتُدْعَوْنَ إِلَىٰ قَوْمٍ أُو۟لِى بَأْسٍۢ شَدِيدٍۢ تُقَٰتِلُونَهُمْ أَوْ يُسْلِمُونَ ۖ فَإِن تُطِيعُوا۟ يُؤْتِكُمُ ٱللَّهُ أَجْرًا حَسَنًۭا ۖ وَإِن تَتَوَلَّوْا۟ كَمَا تَوَلَّيْتُم مِّن قَبْلُ يُعَذِّبْكُمْ عَذَابًا أَلِيمًۭا,قل للمخلفين من لأعراب ستدعون إلى قوم أولى بأس شديد تقتلونهم أو يسلمون فإن تطيعوا يؤتكم لله أجرا حسنا وإن تتولوا كما توليتم من قبل يعذبكم عذابا أليما
48,22,2,قَٰتَلَ,قاتَلَ,قتل,قتل,وَلَوْ قَٰتَلَكُمُ ٱلَّذِينَ كَفَرُوا۟ لَوَلَّوُا۟ ٱلْأَدْبَٰرَ ثُمَّ لَا يَجِدُونَ وَلِيًّۭا وَلَا نَصِيرًۭا,وَلَوْ قَٰتَلَكُمُ ٱلَّذِينَ كَفَرُوا۟ لَوَلَّوُا۟ ٱلْأَدْبَٰرَ ثُمَّ لَا يَجِدُونَ وَلِيًّۭا وَلَا نَصِيرًۭا,ولو قتلكم لذين كفروا لولوا لأدبر ثم لا يجدون وليا ولا نصيرا
49,9,5,ٱقْتَتَلُ,اقْتَتَلَ,قتل,قتل,وَإِن طَآئِفَتَانِ مِنَ ٱلْمُؤْمِنِينَ ٱقْتَتَلُوا۟ فَأَصْلِحُوا۟ بَيْنَهُمَا ۖ فَإِنۢ بَغَتْ إِحْدَىٰهُمَا عَلَى ٱلْأُخْرَىٰ فَقَٰتِلُوا۟ ٱلَّتِى تَبْغِى حَتَّىٰ تَفِىٓءَ إِلَىٰٓ أَمْرِ ٱللَّهِ ۚ فَإِن فَآءَتْ فَأَصْلِحُوا۟ بَيْنَهُمَا بِٱلْعَدْلِ وَأَقْسِطُوٓا۟ ۖ إِنَّ ٱللَّهَ يُحِبُّ ٱلْمُقْسِطِينَ,وَإِن طَآئِفَتَانِ مِنَ ٱلْمُؤْمِنِينَ ٱقْتَتَلُوا۟ فَأَصْلِحُوا۟ بَيْنَهُمَا ۖ فَإِنۢ بَغَتْ إِحْدَىٰهُمَا عَلَى ٱلْأُخْرَىٰ فَقَٰتِلُوا۟ ٱلَّتِى تَبْغِى حَتَّىٰ تَفِىٓءَ إِلَىٰٓ أَمْرِ ٱللَّهِ ۚ فَإِن فَآءَتْ فَأَصْلِحُوا۟ بَيْنَهُمَا بِٱلْعَدْلِ وَأَقْسِطُوٓا۟ ۖ إِنَّ ٱللَّهَ يُحِبُّ ٱلْمُقْسِطِينَ,وإن طائفتان من لمؤمنين قتتلوا فأصلحوا بينهما فإن بغت إحدىهما على لأخرى فقتلوا لتى تبغى حتى تفىء إلى أمر لله فإن فاءت فأصلحوا بينهما بلعدل وأقسطوا إن لله يحب لمقسطين
51,10,1,قُتِلَ,قَتَلَ,قتل,قتل,قُتِلَ ٱلْخَرَّٰصُونَ,قُتِلَ ٱلْخَرَّٰصُونَ,قتل لخرصون
57,10,20,قَٰتَلَ,و,قتل,قتل,وَمَا لَكُمْ أَلَّا تُنفِقُوا۟ فِى سَبِيلِ ٱللَّهِ وَلِلَّهِ مِيرَٰثُ ٱلسَّمَٰوَٰتِ وَٱلْأَرْضِ ۚ لَا يَسْتَوِى مِنكُم مَّنْ أَنفَقَ مِن قَبْلِ ٱلْفَتْحِ وَقَٰتَلَ ۚ أُو۟لَٰٓئِكَ أَعْظَمُ دَرَجَةًۭ مِّنَ ٱلَّذِينَ أَنفَقُوا۟ مِنۢ بَعْدُ وَقَٰتَلُوا۟ ۚ وَكُلًّۭا وَعَدَ ٱللَّهُ ٱلْحُسْنَىٰ ۚ وَٱللَّهُ بِمَا تَعْمَلُونَ خَبِيرٌۭ,وَمَا لَكُمْ أَلَّا تُنفِقُوا۟ فِى سَبِيلِ ٱللَّهِ وَلِلَّهِ مِيرَٰثُ ٱلسَّمَٰوَٰتِ وَٱلْأَرْضِ ۚ لَا يَسْتَوِى مِنكُم مَّنْ أَنفَقَ مِن قَبْلِ ٱلْفَتْحِ وَقَٰتَلَ ۚ أُو۟لَٰٓئِكَ أَعْظَمُ دَرَجَةًۭ مِّنَ ٱلَّذِينَ أَنفَقُوا۟ مِنۢ بَعْدُ وَقَٰتَلُوا۟ ۚ وَكُلًّۭا وَعَدَ ٱللَّهُ ٱلْحُسْنَىٰ ۚ وَٱللَّهُ بِمَا تَعْمَلُونَ خَبِيرٌۭ,وما لكم ألا تنفقوا فى سبيل لله ولله ميرث لسموت ولأرض لا يستوى منكم من أنفق من قبل لفتح وقتل أولئك أعظم درجة من لذين أنفقوا من بعد وقتلوا وكلا وعد لله لحسنى ولله بما تعملون خبير
59,11,23,قُوتِلْ,قاتَلَ,قتل,قتل,۞ أَلَمْ تَرَ إِلَى ٱلَّذِينَ نَافَقُوا۟ يَقُولُونَ لِإِخْوَٰنِهِمُ ٱلَّذِينَ كَفَرُوا۟ مِنْ أَهْلِ ٱلْكِتَٰبِ لَئِنْ أُخْرِجْتُمْ لَنَخْرُجَنَّ مَعَكُمْ وَلَا نُطِيعُ فِيكُمْ أَحَدًا أَبَدًۭا وَإِن قُوتِلْتُمْ لَنَنصُرَنَّكُمْ وَٱللَّهُ يَشْهَدُ إِنَّهُمْ لَكَٰذِبُونَ,۞ أَلَمْ تَرَ إِلَى ٱلَّذِينَ نَافَقُوا۟ يَقُولُونَ لِإِخْوَٰنِهِمُ ٱلَّذِينَ كَفَرُوا۟ مِنْ أَهْلِ ٱلْكِتَٰبِ لَئِنْ أُخْرِجْتُمْ لَنَخْرُجَنَّ مَعَكُمْ وَلَا نُطِيعُ فِيكُمْ أَحَدًا أَبَدًۭا وَإِن قُوتِلْتُمْ لَنَنصُرَنَّكُمْ وَٱللَّهُ يَشْهَدُ إِنَّهُمْ لَكَٰذِبُونَ,ألم تر إلى لذين نافقوا يقولون لإخونهم لذين كفروا من أهل لكتب لئن أخرجتم لنخرجن معكم ولا نطيع فيكم أحدا أبدا وإن قوتلتم لننصرنكم ولله يشهد إنهم لكذبون
59,12,7,قُوتِلُ,قاتَلَ,قتل,قتل,لَئِنْ أُخْرِجُوا۟ لَا يَخْرُجُونَ مَعَهُمْ وَلَئِن قُوتِلُوا۟ لَا يَنصُرُونَهُمْ وَلَئِن نَّصَرُوهُمْ لَيُوَلُّنَّ ٱلْأَدْبَٰرَ ثُمَّ لَا يُنصَرُونَ,لَئِنْ أُخْرِجُوا۟ لَا يَخْرُجُونَ مَعَهُمْ وَلَئِن قُوتِلُوا۟ لَا يَنصُرُونَهُمْ وَلَئِن نَّصَرُوهُمْ لَيُوَلُّنَّ ٱلْأَدْبَٰرَ ثُمَّ لَا يُنصَرُونَ,لئن أخرجوا لا يخرجون معهم ولئن قوتلوا لا ينصرونهم ولئن نصروهم ليولن لأدبر ثم لا ينصرون
59,14,2,يُقَٰتِلُ,قاتَلَ,قتل,قتل,لَا يُقَٰتِلُونَكُمْ جَمِيعًا إِلَّا فِى قُرًۭى مُّحَصَّنَةٍ أَوْ مِن وَرَآءِ جُدُرٍۭ ۚ بَأْسُهُم بَيْنَهُمْ شَدِيدٌۭ ۚ تَحْسَبُهُمْ جَمِيعًۭا وَقُلُوبُهُمْ شَتَّىٰ ۚ ذَٰلِكَ بِأَنَّهُمْ قَوْمٌۭ لَّا يَعْقِلُونَ,لَا يُقَٰتِلُونَكُمْ جَمِيعًا إِلَّا فِى قُرًۭى مُّحَصَّنَةٍ أَوْ مِن وَرَآءِ جُدُرٍۭ ۚ بَأْسُهُم بَيْنَهُمْ شَدِيدٌۭ ۚ تَحْسَبُهُمْ جَمِيعًۭا وَقُلُوبُهُمْ شَتَّىٰ ۚ ذَٰلِكَ بِأَنَّهُمْ قَوْمٌۭ لَّا يَعْقِلُونَ,لا يقتلونكم جميعا إلا فى قرى محصنة أو من وراء جدر بأسهم بينهم شديد تحسبهم جميعا وقلوبهم شتى ذلك بأنهم قوم لا يعقلون
60,8,7,يُقَٰتِلُ,قاتَلَ,قتل,قتل,لَّا يَنْهَىٰكُمُ ٱللَّهُ عَنِ ٱلَّذِينَ لَمْ يُقَٰتِلُوكُمْ فِى ٱلدِّينِ وَلَمْ يُخْرِجُوكُم مِّن دِيَٰرِكُمْ أَن تَبَرُّوهُمْ وَتُقْسِطُوٓا۟ إِلَيْهِمْ ۚ إِنَّ ٱللَّهَ يُحِبُّ ٱلْمُقْسِطِينَ,لَّا يَنْهَىٰكُمُ ٱللَّهُ عَنِ ٱلَّذِينَ لَمْ يُقَٰتِلُوكُمْ فِى ٱلدِّينِ وَلَمْ يُخْرِجُوكُم مِّن دِيَٰرِكُمْ أَن تَبَرُّوهُمْ وَتُقْسِطُوٓا۟ إِلَيْهِمْ ۚ إِنَّ ٱللَّهَ يُحِبُّ ٱلْمُقْسِطِينَ,لا ينهىكم لله عن لذين لم يقتلوكم فى لدين ولم يخرجوكم من ديركم أن تبروهم وتقسطوا إليهم إن لله يحب لمقسطين
60,9,6,قَٰتَلُ,قاتَلَ,قتل,قتل,إِنَّمَا يَنْهَىٰكُمُ ٱللَّهُ عَنِ ٱلَّذِينَ قَٰتَلُوكُمْ فِى ٱلدِّينِ وَأَخْرَجُوكُم مِّن دِيَٰرِكُمْ وَظَٰهَرُوا۟ عَلَىٰٓ إِخْرَاجِكُمْ أَن تَوَلَّوْهُمْ ۚ وَمَن يَتَوَلَّهُمْ فَأُو۟لَٰٓئِكَ هُمُ ٱلظَّٰلِمُونَ,إِنَّمَا يَنْهَىٰكُمُ ٱللَّهُ عَنِ ٱلَّذِينَ قَٰتَلُوكُمْ فِى ٱلدِّينِ وَأَخْرَجُوكُم مِّن دِيَٰرِكُمْ وَظَٰهَرُوا۟ عَلَىٰٓ إِخْرَاجِكُمْ أَن تَوَلَّوْهُمْ ۚ وَمَن يَتَوَلَّهُمْ فَأُو۟لَٰٓئِكَ هُمُ ٱلظَّٰلِمُونَ,إنما ينهىكم لله عن لذين قتلوكم فى لدين وأخرجوكم من ديركم وظهروا على إخراجكم أن تولوهم ومن يتولهم فأولئك هم لظلمون
60,12,18,يَقْتُلْ,قَتَلَ,قتل,قتل,يَٰٓأَيُّهَا ٱلنَّبِىُّ إِذَا جَآءَكَ ٱلْمُؤْمِنَٰتُ يُبَايِعْنَكَ عَلَىٰٓ أَن لَّا يُشْرِكْنَ بِٱللَّهِ شَيْـًۭٔا وَلَا يَسْرِقْنَ وَلَا يَزْنِينَ وَلَا يَقْتُلْنَ أَوْلَٰدَهُنَّ وَلَا يَأْتِينَ بِبُهْتَٰنٍۢ يَفْتَرِينَهُۥ بَيْنَ أَيْدِيهِنَّ وَأَرْجُلِهِنَّ وَلَا يَعْصِينَكَ فِى مَعْرُوفٍۢ ۙ فَبَايِعْهُنَّ وَٱسْتَغْفِرْ لَهُنَّ ٱللَّهَ ۖ إِنَّ ٱللَّهَ غَفُورٌۭ رَّحِيمٌۭ,يَٰٓأَيُّهَا ٱلنَّبِىُّ إِذَا جَآءَكَ ٱلْمُؤْمِنَٰتُ يُبَايِعْنَكَ عَلَىٰٓ أَن لَّا يُشْرِكْنَ بِٱللَّهِ شَيْـًۭٔا وَلَا يَسْرِقْنَ وَلَا يَزْنِينَ وَلَا يَقْتُلْنَ أَوْلَٰدَهُنَّ وَلَا يَأْتِينَ بِبُهْتَٰنٍۢ يَفْتَرِينَهُۥ بَيْنَ أَيْدِيهِنَّ وَأَرْجُلِهِنَّ وَلَا يَعْصِينَكَ فِى مَعْرُوفٍۢ ۙ فَبَايِعْهُنَّ وَٱسْتَغْفِرْ لَهُنَّ ٱللَّهَ ۖ إِنَّ ٱللَّهَ غَفُورٌۭ رَّحِيمٌۭ,يأيها لنبى إذا جاءك لمؤمنت يبايعنك على أن لا يشركن بلله شيـا ولا يسرقن ولا يزنين ولا يقتلن أولدهن ولا يأتين ببهتن يفترينه بين أيديهن وأرجلهن ولا يعصينك فى معروف فبايعهن وستغفر لهن لله إن لله غفور رحيم
61,4,5,يُقَٰتِلُ,قاتَلَ,قتل,قتل,إِنَّ ٱللَّهَ يُحِبُّ ٱلَّذِينَ يُقَٰتِلُونَ فِى سَبِيلِهِۦ صَفًّۭا كَأَنَّهُم بُنْيَٰنٌۭ مَّرْصُوصٌۭ,إِنَّ ٱللَّهَ يُحِبُّ ٱلَّذِينَ يُقَٰتِلُونَ فِى سَبِيلِهِۦ صَفًّۭا كَأَنَّهُم بُنْيَٰنٌۭ مَّرْصُوصٌۭ,إن لله يحب لذين يقتلون فى سبيله صفا كأنهم بنين مرصوص
63,4,19,قَٰتَلَ,قاتَلَ,قتل,قتل,۞ وَإِذَا رَأَيْتَهُمْ تُعْجِبُكَ أَجْسَامُهُمْ ۖ وَإِن يَقُولُوا۟ تَسْمَعْ لِقَوْلِهِمْ ۖ كَأَنَّهُمْ خُشُبٌۭ مُّسَنَّدَةٌۭ ۖ يَحْسَبُونَ كُلَّ صَيْحَةٍ عَلَيْهِمْ ۚ هُمُ ٱلْعَدُوُّ فَٱحْذَرْهُمْ ۚ قَٰتَلَهُمُ ٱللَّهُ ۖ أَنَّىٰ يُؤْفَكُونَ,۞ وَإِذَا رَأَيْتَهُمْ تُعْجِبُكَ أَجْسَامُهُمْ ۖ وَإِن يَقُولُوا۟ تَسْمَعْ لِقَوْلِهِمْ ۖ كَأَنَّهُمْ خُشُبٌۭ مُّسَنَّدَةٌۭ ۖ يَحْسَبُونَ كُلَّ صَيْحَةٍ عَلَيْهِمْ ۚ هُمُ ٱلْعَدُوُّ فَٱحْذَرْهُمْ ۚ قَٰتَلَهُمُ ٱللَّهُ ۖ أَنَّىٰ يُؤْفَكُونَ,وإذا رأيتهم تعجبك أجسامهم وإن يقولوا تسمع لقولهم كأنهم خشب مسندة يحسبون كل صيحة عليهم هم لعدو فحذرهم قتلهم لله أنى يؤفكون
73,20,45,يُقَٰتِلُ,قاتَلَ,قتل,قتل,۞ إِنَّ رَبَّكَ يَعْلَمُ أَنَّكَ تَقُومُ أَدْنَىٰ مِن ثُلُثَىِ ٱلَّيْلِ وَنِصْفَهُۥ وَثُلُثَهُۥ وَطَآئِفَةٌۭ مِّنَ ٱلَّذِينَ مَعَكَ ۚ وَٱللَّهُ يُقَدِّرُ ٱلَّيْلَ وَٱلنَّهَارَ ۚ عَلِمَ أَن لَّن تُحْصُوهُ فَتَابَ عَلَيْكُمْ ۖ فَٱقْرَءُوا۟ مَا تَيَسَّرَ مِنَ ٱلْقُرْءَانِ ۚ عَلِمَ أَن سَيَكُونُ مِنكُم مَّرْضَىٰ ۙ وَءَاخَرُونَ يَضْرِبُونَ فِى ٱلْأَرْضِ يَبْتَغُونَ مِن فَضْلِ ٱللَّهِ ۙ وَءَاخَرُونَ يُقَٰتِلُونَ فِى سَبِيلِ ٱللَّهِ ۖ فَٱقْرَءُوا۟ مَا تَيَسَّرَ مِنْهُ ۚ وَأَقِيمُوا۟ ٱلصَّلَوٰةَ وَءَاتُوا۟ ٱلزَّكَوٰةَ وَأَقْرِضُوا۟ ٱللَّهَ قَرْضًا حَسَنًۭا ۚ وَمَا تُقَدِّمُوا۟ لِأَنفُسِكُم مِّنْ خَيْرٍۢ تَجِدُوهُ عِندَ ٱللَّهِ هُوَ خَيْرًۭا وَأَعْظَمَ أَجْرًۭا ۚ وَٱسْتَغْفِرُوا۟ ٱللَّهَ ۖ إِنَّ ٱللَّهَ غَفُورٌۭ رَّحِيمٌۢ,۞ إِنَّ رَبَّكَ يَعْلَمُ أَنَّكَ تَقُومُ أَدْنَىٰ مِن ثُلُثَىِ ٱلَّيْلِ وَنِصْفَهُۥ وَثُلُثَهُۥ وَطَآئِفَةٌۭ مِّنَ ٱلَّذِينَ مَعَكَ ۚ وَٱللَّهُ يُقَدِّرُ ٱلَّيْلَ وَٱلنَّهَارَ ۚ عَلِمَ أَن لَّن تُحْصُوهُ فَتَابَ عَلَيْكُمْ ۖ فَٱقْرَءُوا۟ مَا تَيَسَّرَ مِنَ ٱلْقُرْءَانِ ۚ عَلِمَ أَن سَيَكُونُ مِنكُم مَّرْضَىٰ ۙ وَءَاخَرُونَ يَضْرِبُونَ فِى ٱلْأَرْضِ يَبْتَغُونَ مِن فَضْلِ ٱللَّهِ ۙ وَءَاخَرُونَ يُقَٰتِلُونَ فِى سَبِيلِ ٱللَّهِ ۖ فَٱقْرَءُوا۟ مَا تَيَسَّرَ مِنْهُ ۚ وَأَقِيمُوا۟ ٱلصَّلَوٰةَ وَءَاتُوا۟ ٱلزَّكَوٰةَ وَأَقْرِضُوا۟ ٱللَّهَ قَرْضًا حَسَنًۭا ۚ وَمَا تُقَدِّمُوا۟ لِأَنفُسِكُم مِّنْ خَيْرٍۢ تَجِدُوهُ عِندَ ٱللَّهِ هُوَ خَيْرًۭا وَأَعْظَمَ أَجْرًۭا ۚ وَٱسْتَغْفِرُوا۟ ٱللَّهَ ۖ إِنَّ ٱللَّهَ غَفُورٌۭ رَّحِيمٌۢ,إن ربك يعلم أنك تقوم أدنى من ثلثى ليل ونصفه وثلثه وطائفة من لذين معك ولله يقدر ليل ولنهار علم أن لن تحصوه فتاب عليكم فقرءوا ما تيسر من لقرءان علم أن سيكون منكم مرضى وءاخرون يضربون فى لأرض يبتغون من فضل لله وءاخرون يقتلون فى سبيل لله فقرءوا ما تيسر منه وأقيموا لصلوة وءاتوا لزكوة وأقرضوا لله قرضا حسنا وما تقدموا لأنفسكم من خير تجدوه عند لله هو خيرا وأعظم أجرا وستغفروا لله إن لله غفور رحيم
74,19,1,قُتِلَ,ف,قتل,قتل,فَقُتِلَ كَيْفَ قَدَّرَ,فَقُتِلَ كَيْفَ قَدَّرَ,فقتل كيف قدر
74,20,2,قُتِلَ,قَتَلَ,قتل,قتل,ثُمَّ قُتِلَ كَيْفَ قَدَّرَ,ثُمَّ قُتِلَ كَيْفَ قَدَّرَ,ثم قتل كيف قدر
80,17,1,قُتِلَ,قَتَلَ,قتل,قتل,قُتِلَ ٱلْإِنسَٰنُ مَآ أَكْفَرَهُۥ,قُتِلَ ٱلْإِنسَٰنُ مَآ أَكْفَرَهُۥ,قتل لإنسن ما أكفره
81,9,3,قُتِلَتْ,قَتَلَ,قتل,قتل,بِأَىِّ ذَنۢبٍۢ قُتِلَتْ,بِأَىِّ ذَنۢبٍۢ قُتِلَتْ,بأى ذنب قتلت
85,4,1,قُتِلَ,قَتَلَ,قتل,قتل,قُتِلَ أَصْحَٰبُ ٱلْأُخْدُودِ,قُتِلَ أَصْحَٰبُ ٱلْأُخْدُودِ,قتل أصحب لأخدود
